Time,Source,Source Port,Destination,Destination Port,Protocol,Length,repeats,Event,Seq,Ack,Win,Len,MSS
0.0,CAMERA_IP,,GATEWAY_IP,,DNS,88,23186,DNS Query,,,,,
44.81,COMPUTER_IP,,CAMERA_IP,,ICMP,116,4,ICMP Redirect,,,,,
55.66,GATEWAY_IP,,CAMERA_IP,,DNS,552,2,DNS Response,,,,,
0.06,COMPUTER_IP,,GATEWAY_IP,,ICMP,580,1,ICMP Redirect,,,,,
0.26,GATEWAY_IP,,CAMERA_IP,,DNS,152,78,DNS Response,,,,,
0.38,GATEWAY_IP,,CAMERA_IP,,DNS,152,78,DNS Response,,,,,
0.36,GATEWAY_IP,,CAMERA_IP,,DNS,152,78,DNS Response,,,,,
0.36,GATEWAY_IP,,CAMERA_IP,,DNS,152,76,DNS Response,,,,,
12.34,CAMERA_IP,,GATEWAY_IP,,DNS,88,4,DNS Query,,,,,
29.02,COMPUTER_IP,,GATEWAY_IP,,ICMP,180,8,ICMP Redirect,,,,,
66.15,CAMERA_IP,,DOMAIN_IP,,TCP,62,1,TCP SYN,0,,33580,0,1460
0.05,CAMERA_IP,,DOMAIN_IP,,TCP,62,3,TCP SYN,0,,33580,0,1460
28.72,CAMERA_IP,,DOMAIN_IP,,TCP,62,8,TCP SYN,0,,33580,0,1460
4.34,DOMAIN_IP,,CAMERA_IP,,TCP,60,1,TCP SYN ACK,0,1,26883,0,1460
0.07,COMPUTER_IP,,DOMAIN_IP,,ICMP,86,1,ICMP Redirect,,,,,
0.02,DOMAIN_IP,,CAMERA_IP,,TCP,58,1,TCP SYN ACK,0,1,26883,0,1460
10.66,CAMERA_IP,,DOMAIN_IP,,TCP,60,3,TCP CAM ACK,1,1,33580,0,
0.03,CAMERA_IP,,DOMAIN_IP,,TCP,54,1,TCP CAM Duplicate ACK,1,1,33580,0,
0.02,CAMERA_IP,,DOMAIN_IP,,TLSv1.2,140,1,TLS Client Hello,,,,,
0.01,CAMERA_IP,,DOMAIN_IP,,TCP,140,5,TCP CAM PSH ACK,1,1,33580,86,
22.73,DOMAIN_IP,,CAMERA_IP,,TCP,60,1,TCP SYN ACK,0,1,26883,0,1460
0.03,DOMAIN_IP,,CAMERA_IP,,TCP,58,1,TCP SYN ACK,0,1,26883,0,1460
6.05,CAMERA_IP,,DOMAIN_IP,,TCP,54,2,TCP CAM ACK,1,1,33580,0,
1.04,CAMERA_IP,,DOMAIN_IP,,TCP,60,13,TCP CAM Duplicate ACK,87,1,33580,0,
0.02,CAMERA_IP,,DOMAIN_IP,,TCP,54,13,TCP CAM Duplicate ACK,87,1,33580,0,
36.37,DOMAIN_IP,,CAMERA_IP,,TLSv1.2,133,1,TLS Server Hello,,,,,
0.07,COMPUTER_IP,,DOMAIN_IP,,ICMP,161,1,ICMP Redirect,,,,,
0.02,DOMAIN_IP,,CAMERA_IP,,TLSv1.2,133,1,TLS Retransmit,,,,,
0.07,DOMAIN_IP,,CAMERA_IP,,TLSv1.2,1106,1,TLS Certificate,,,,,
0.02,DOMAIN_IP,,CAMERA_IP,,TCP,1106,1,TCP DOM PSH ACK,80,87,26883,1052,
3.43,DOMAIN_IP,,CAMERA_IP,,TLSv1.2,392,1,TLS Server Key Exchange,,,,,
0.03,DOMAIN_IP,,CAMERA_IP,,TCP,392,1,TCP DOM PSH ACK,1132,87,26883,338,
0.09,DOMAIN_IP,,CAMERA_IP,,TLSv1.2,63,1,TLS Server Hello Done,,,,,
0.02,DOMAIN_IP,,CAMERA_IP,,TCP,63,1,TCP DOM PSH ACK,1470,87,26883,9,
4.93,CAMERA_IP,,DOMAIN_IP,,TCP,60,1,TCP CAM ACK,87,1132,32120,0,
0.03,CAMERA_IP,,DOMAIN_IP,,TCP,54,2,TCP CAM Duplicate ACK,87,1132,32120,0,
0.02,CAMERA_IP,,DOMAIN_IP,,TCP,60,1,TCP CAM Duplicate ACK,87,1132,32120,0,
0.13,CAMERA_IP,,DOMAIN_IP,,TCP,60,1,TCP CAM ACK,87,1479,30660,0,
0.02,CAMERA_IP,,DOMAIN_IP,,TCP,54,2,TCP CAM Duplicate ACK,87,1479,30660,0,
0.02,CAMERA_IP,,DOMAIN_IP,,TCP,60,1,TCP CAM Duplicate ACK,87,1479,30660,0,
10.57,CAMERA_IP,,DOMAIN_IP,,TCP,60,1,TCP CAM ACK,87,1,33580,0,
0.03,CAMERA_IP,,DOMAIN_IP,,TCP,54,14,TCP CAM Duplicate ACK,87,1,33580,0,
-0.03,CAMERA_IP,,DOMAIN_IP,,TCP,60,13,TCP CAM Duplicate ACK,87,1,33580,0,
1117.73,CAMERA_IP,,DOMAIN_IP,,TLSv1.2,129,1,TLS Client Key Exchange,,,,,
0.13,COMPUTER_IP,,CAMERA_IP,,ICMP,157,1,ICMP Redirect,,,,,
0.03,CAMERA_IP,,DOMAIN_IP,,TCP,129,1,TCP CAM PSH ACK,87,1479,33580,75,
0.02,CAMERA_IP,,DOMAIN_IP,,TLSv1.2,60,1,TLS Change Cipher Spec,,,,,
0.02,CAMERA_IP,,DOMAIN_IP,,TCP,60,1,TCP CAM PSH ACK,162,1479,33580,6,
-0.01,CAMERA_IP,,DOMAIN_IP,,TLSv1.2,139,1,TLS Encrypted Handshake Message,,,,,
0.03,CAMERA_IP,,DOMAIN_IP,,TCP,139,113,TCP CAM PSH ACK,168,1479,33580,85,
0.13,CAMERA_IP,,DOMAIN_IP,,TCP,129,124,TCP Out-Of-Order,87,1479,33580,75,
0.18,CAMERA_IP,,DOMAIN_IP,,TCP,60,124,TCP Out-Of-Order,162,1479,33580,6,
10.12,DOMAIN_IP,,CAMERA_IP,,TCP,60,1,TCP DOM ACK,1479,162,26883,0,
0.08,COMPUTER_IP,,DOMAIN_IP,,ICMP,82,15,ICMP Redirect,,,,,
0.02,DOMAIN_IP,,CAMERA_IP,,TCP,54,1,TCP DOM Duplicate ACK,1479,162,26883,0,
0.02,DOMAIN_IP,,CAMERA_IP,,TCP,60,1,TCP DOM ACK,1479,168,26883,0,
0.02,DOMAIN_IP,,CAMERA_IP,,TCP,54,1,TCP DOM Duplicate ACK,1479,168,26883,0,
0.08,DOMAIN_IP,,CAMERA_IP,,TCP,60,1,TCP DOM ACK,1479,253,26883,0,
0.03,DOMAIN_IP,,CAMERA_IP,,TCP,54,1,TCP DOM Duplicate ACK,1479,253,26883,0,
0.04,DOMAIN_IP,,CAMERA_IP,,TLSv1.2,60,1,TLS Change Cipher Spec,,,,,
0.02,DOMAIN_IP,,CAMERA_IP,,TCP,60,1,TCP DOM PSH ACK,1479,253,26883,6,
0.03,DOMAIN_IP,,CAMERA_IP,,TCP,60,1,TCP DOM Duplicate ACK,1485,253,26883,0,
0.02,DOMAIN_IP,,CAMERA_IP,,TCP,54,1,TCP DOM Duplicate ACK,1485,253,26883,0,
0.03,DOMAIN_IP,,CAMERA_IP,,TLSv1.2,139,1,TLS Encrypted Handshake Message,,,,,
0.02,DOMAIN_IP,,CAMERA_IP,,TCP,139,1,TCP DOM PSH ACK,1485,253,26883,85,
0.03,DOMAIN_IP,,CAMERA_IP,,TCP,60,259,TCP DOM Duplicate ACK,1570,253,26883,0,
0.02,DOMAIN_IP,,CAMERA_IP,,TCP,54,259,TCP DOM Duplicate ACK,1570,253,26883,0,
0.79,CAMERA_IP,,DOMAIN_IP,,TCP,139,1416,TCP PSH Retransmission,168,1479,33580,85,
0.3,CAMERA_IP,,DOMAIN_IP,,TCP,129,6432,TCP PSH Retransmission,87,1479,33580,75,
4.26,CAMERA_IP,,DOMAIN_IP,,TCP,60,8632,TCP PSH Retransmission,162,1479,33580,6,
26.55,CAMERA_IP,,DOMAIN_IP,,TCP,60,7,TCP CAM ACK,253,1570,32120,0,
0.03,CAMERA_IP,,DOMAIN_IP,,TCP,54,1,TCP CAM Duplicate ACK,253,1570,32120,0,
0.03,CAMERA_IP,,DOMAIN_IP,,TLSv1.2,331,1,TLS Application Data,,,,,
0.01,CAMERA_IP,,DOMAIN_IP,,TLSv1.2,331,15,TLS Retransmit,,,,,
-0.01,CAMERA_IP,,DOMAIN_IP,,TLSv1.2,123,1,TLS Application Data,,,,,
0.03,CAMERA_IP,,DOMAIN_IP,,TCP,123,5,TCP CAM PSH ACK,530,1570,33580,69,
-0.03,CAMERA_IP,,DOMAIN_IP,,TCP,60,6,TCP CAM Duplicate ACK,599,1570,33580,0,
0.05,CAMERA_IP,,DOMAIN_IP,,TCP,54,6,TCP CAM Duplicate ACK,599,1570,33580,0,
25.87,CAMERA_IP,,DOMAIN_IP,,TCP,54,6,TCP CAM ACK,253,1570,32120,0,
0.21,CAMERA_IP,,DOMAIN_IP,,TCP,60,12,TCP CAM Duplicate ACK,599,1570,33580,0,
0.02,CAMERA_IP,,DOMAIN_IP,,TCP,54,12,TCP CAM Duplicate ACK,599,1570,33580,0,
34.1,DOMAIN_IP,,CAMERA_IP,,TCP,60,1,TCP DOM ACK,1570,530,27872,0,
0.03,DOMAIN_IP,,CAMERA_IP,,TCP,54,1,TCP DOM Duplicate ACK,1570,530,27872,0,
0.04,DOMAIN_IP,,CAMERA_IP,,TCP,60,1,TCP DOM ACK,1570,599,27872,0,
0.02,DOMAIN_IP,,CAMERA_IP,,TCP,54,606,TCP DOM Duplicate ACK,1570,599,27872,0,
2.79,DOMAIN_IP,,CAMERA_IP,,TCP,60,605,TCP DOM Duplicate ACK,1570,599,27872,0,
19.77,CAMERA_IP,,DOMAIN_IP,,TCP,331,4,TCP PSH Retransmission,253,1570,33580,277,
197.11,DOMAIN_IP,,CAMERA_IP,,TCP,60,1,TCP Uncaptured,1671,599,27872,0,
0.02,DOMAIN_IP,,CAMERA_IP,,TCP,54,87,TCP DOM Duplicate ACK,1671,599,27872,0,
0.03,DOMAIN_IP,,CAMERA_IP,,TCP,60,86,TCP DOM Duplicate ACK,1671,599,27872,0,
28.09,DOMAIN_IP,,CAMERA_IP,,TCP,60,1,TCP Uncaptured,1804,599,27872,0,
0.02,DOMAIN_IP,,CAMERA_IP,,TCP,54,1011,TCP DOM Duplicate ACK,1804,599,27872,0,
0.03,DOMAIN_IP,,CAMERA_IP,,TCP,60,1010,TCP DOM Duplicate ACK,1804,599,27872,0,
240.92,CAMERA_IP,,DOMAIN_IP,,TCP,60,28219,TCP CAM ACK,599,1570,32120,0,
0.02,CAMERA_IP,,DOMAIN_IP,,TCP,54,4,TCP CAM Duplicate ACK,599,1570,32120,0,
0.02,CAMERA_IP,,DOMAIN_IP,,TCP,60,3,TCP CAM Duplicate ACK,599,1570,32120,0,
3.69,CAMERA_IP,,DOMAIN_IP,,TCP,54,7,TCP CAM Duplicate ACK,599,1570,32120,0,
0.02,CAMERA_IP,,DOMAIN_IP,,TCP,60,6,TCP CAM Duplicate ACK,599,1570,32120,0,
2.55,CAMERA_IP,,DOMAIN_IP,,TCP,54,3,TCP CAM Duplicate ACK,599,1570,32120,0,
0.02,CAMERA_IP,,DOMAIN_IP,,TCP,60,2,TCP CAM Duplicate ACK,599,1570,32120,0,
3.45,CAMERA_IP,,DOMAIN_IP,,TCP,54,8,TCP CAM Duplicate ACK,599,1570,32120,0,
0.01,CAMERA_IP,,DOMAIN_IP,,TCP,60,7,TCP CAM Duplicate ACK,599,1570,32120,0,
3.75,CAMERA_IP,,DOMAIN_IP,,TCP,54,7,TCP CAM Duplicate ACK,599,1570,32120,0,
-0.02,CAMERA_IP,,DOMAIN_IP,,TCP,60,6,TCP CAM Duplicate ACK,599,1570,32120,0,
2.26,CAMERA_IP,,DOMAIN_IP,,TCP,54,2,TCP CAM Duplicate ACK,599,1570,32120,0,
0.02,CAMERA_IP,,DOMAIN_IP,,TCP,60,1,TCP CAM Duplicate ACK,599,1570,32120,0,
3.36,CAMERA_IP,,DOMAIN_IP,,TCP,54,4,TCP CAM Duplicate ACK,599,1570,32120,0,
0.02,CAMERA_IP,,DOMAIN_IP,,TCP,60,3,TCP CAM Duplicate ACK,599,1570,32120,0,
3.23,CAMERA_IP,,DOMAIN_IP,,TCP,54,1,TCP CAM Duplicate ACK,599,1570,32120,0,
3.32,CAMERA_IP,,DOMAIN_IP,,TCP,54,9,TCP CAM Duplicate ACK,599,1570,32120,0,
0.01,CAMERA_IP,,DOMAIN_IP,,TCP,60,8,TCP CAM Duplicate ACK,599,1570,32120,0,
2.88,CAMERA_IP,,DOMAIN_IP,,TCP,54,19,TCP CAM Duplicate ACK,599,1570,32120,0,
0.02,CAMERA_IP,,DOMAIN_IP,,TCP,60,18,TCP CAM Duplicate ACK,599,1570,32120,0,
4.32,CAMERA_IP,,DOMAIN_IP,,TCP,54,11,TCP CAM Duplicate ACK,599,1570,32120,0,
0.01,CAMERA_IP,,DOMAIN_IP,,TCP,60,10,TCP CAM Duplicate ACK,599,1570,32120,0,
2.91,CAMERA_IP,,DOMAIN_IP,,TCP,54,25,TCP CAM Duplicate ACK,599,1570,32120,0,
0.02,CAMERA_IP,,DOMAIN_IP,,TCP,60,24,TCP CAM Duplicate ACK,599,1570,32120,0,
3.87,CAMERA_IP,,DOMAIN_IP,,TCP,54,22,TCP CAM Duplicate ACK,599,1570,32120,0,
0.01,CAMERA_IP,,DOMAIN_IP,,TCP,60,21,TCP CAM Duplicate ACK,599,1570,32120,0,
4.62,CAMERA_IP,,DOMAIN_IP,,TCP,54,4,TCP CAM Duplicate ACK,599,1570,32120,0,
0.02,CAMERA_IP,,DOMAIN_IP,,TCP,60,3,TCP CAM Duplicate ACK,599,1570,32120,0,
2.11,CAMERA_IP,,DOMAIN_IP,,TCP,54,13,TCP CAM Duplicate ACK,599,1570,32120,0,
0.02,CAMERA_IP,,DOMAIN_IP,,TCP,60,12,TCP CAM Duplicate ACK,599,1570,32120,0,
4.86,CAMERA_IP,,DOMAIN_IP,,TCP,54,12,TCP CAM Duplicate ACK,599,1570,32120,0,
0.01,CAMERA_IP,,DOMAIN_IP,,TCP,60,11,TCP CAM Duplicate ACK,599,1570,32120,0,
2.33,CAMERA_IP,,DOMAIN_IP,,TCP,54,18,TCP CAM Duplicate ACK,599,1570,32120,0,
0.02,CAMERA_IP,,DOMAIN_IP,,TCP,60,17,TCP CAM Duplicate ACK,599,1570,32120,0,
1.6,CAMERA_IP,,DOMAIN_IP,,TCP,54,8,TCP CAM Duplicate ACK,599,1570,32120,0,
0.02,CAMERA_IP,,DOMAIN_IP,,TCP,60,7,TCP CAM Duplicate ACK,599,1570,32120,0,
5.21,CAMERA_IP,,DOMAIN_IP,,TCP,54,11,TCP CAM Duplicate ACK,599,1570,32120,0,
0.02,CAMERA_IP,,DOMAIN_IP,,TCP,60,10,TCP CAM Duplicate ACK,599,1570,32120,0,
1.04,CAMERA_IP,,DOMAIN_IP,,TCP,54,109,TCP CAM Duplicate ACK,599,1570,32120,0,
-0.02,CAMERA_IP,,DOMAIN_IP,,TCP,60,108,TCP CAM Duplicate ACK,599,1570,32120,0,
8.3,CAMERA_IP,,DOMAIN_IP,,TCP,54,48,TCP CAM Duplicate ACK,599,1570,32120,0,
0.01,CAMERA_IP,,DOMAIN_IP,,TCP,60,47,TCP CAM Duplicate ACK,599,1570,32120,0,
4.25,CAMERA_IP,,DOMAIN_IP,,TCP,54,15,TCP CAM Duplicate ACK,599,1570,32120,0,
0.02,CAMERA_IP,,DOMAIN_IP,,TCP,60,14,TCP CAM Duplicate ACK,599,1570,32120,0,
3.83,CAMERA_IP,,DOMAIN_IP,,TCP,54,4,TCP CAM Duplicate ACK,599,1570,32120,0,
0.02,CAMERA_IP,,DOMAIN_IP,,TCP,60,3,TCP CAM Duplicate ACK,599,1570,32120,0,
1.97,CAMERA_IP,,DOMAIN_IP,,TCP,54,31,TCP CAM Duplicate ACK,599,1570,32120,0,
0.02,CAMERA_IP,,DOMAIN_IP,,TCP,60,30,TCP CAM Duplicate ACK,599,1570,32120,0,
3.78,CAMERA_IP,,DOMAIN_IP,,TCP,54,23,TCP CAM Duplicate ACK,599,1570,32120,0,
0.02,CAMERA_IP,,DOMAIN_IP,,TCP,60,22,TCP CAM Duplicate ACK,599,1570,32120,0,
6.11,CAMERA_IP,,DOMAIN_IP,,TCP,54,22,TCP CAM Duplicate ACK,599,1570,32120,0,
0.02,CAMERA_IP,,DOMAIN_IP,,TCP,60,21,TCP CAM Duplicate ACK,599,1570,32120,0,
1.27,CAMERA_IP,,DOMAIN_IP,,TCP,54,239,TCP CAM Duplicate ACK,599,1570,32120,0,
0.02,CAMERA_IP,,DOMAIN_IP,,TCP,60,238,TCP CAM Duplicate ACK,599,1570,32120,0,
20.56,CAMERA_IP,,DOMAIN_IP,,TCP,54,17,TCP CAM Duplicate ACK,599,1570,32120,0,
0.01,CAMERA_IP,,DOMAIN_IP,,TCP,60,16,TCP CAM Duplicate ACK,599,1570,32120,0,
3.97,CAMERA_IP,,DOMAIN_IP,,TCP,54,73,TCP CAM Duplicate ACK,599,1570,32120,0,
0.02,CAMERA_IP,,DOMAIN_IP,,TCP,60,72,TCP CAM Duplicate ACK,599,1570,32120,0,
7.61,CAMERA_IP,,DOMAIN_IP,,TCP,54,349,TCP CAM Duplicate ACK,599,1570,32120,0,
0.01,CAMERA_IP,,DOMAIN_IP,,TCP,60,348,TCP CAM Duplicate ACK,599,1570,32120,0,
23.23,CAMERA_IP,,DOMAIN_IP,,TCP,54,102,TCP CAM Duplicate ACK,599,1570,32120,0,
0.02,CAMERA_IP,,DOMAIN_IP,,TCP,60,101,TCP CAM Duplicate ACK,599,1570,32120,0,
8.65,CAMERA_IP,,DOMAIN_IP,,TCP,54,399,TCP CAM Duplicate ACK,599,1570,32120,0,
0.02,CAMERA_IP,,DOMAIN_IP,,TCP,60,398,TCP CAM Duplicate ACK,599,1570,32120,0,
24.88,CAMERA_IP,,DOMAIN_IP,,TCP,54,4,TCP CAM Duplicate ACK,599,1570,32120,0,
0.02,CAMERA_IP,,DOMAIN_IP,,TCP,60,3,TCP CAM Duplicate ACK,599,1570,32120,0,
3.39,CAMERA_IP,,DOMAIN_IP,,TCP,54,485,TCP CAM Duplicate ACK,599,1570,32120,0,
0.02,CAMERA_IP,,DOMAIN_IP,,TCP,60,484,TCP CAM Duplicate ACK,599,1570,32120,0,
28.85,CAMERA_IP,,DOMAIN_IP,,TCP,54,9,TCP CAM Duplicate ACK,599,1570,32120,0,
0.02,CAMERA_IP,,DOMAIN_IP,,TCP,60,8,TCP CAM Duplicate ACK,599,1570,32120,0,
3.86,CAMERA_IP,,DOMAIN_IP,,TCP,54,476,TCP CAM Duplicate ACK,599,1570,32120,0,
0.01,CAMERA_IP,,DOMAIN_IP,,TCP,60,475,TCP CAM Duplicate ACK,599,1570,32120,0,
30.52,CAMERA_IP,,DOMAIN_IP,,TCP,54,501,TCP CAM Duplicate ACK,599,1570,32120,0,
0.53,CAMERA_IP,,DOMAIN_IP,,TCP,60,500,TCP CAM Duplicate ACK,599,1570,32120,0,
31.75,CAMERA_IP,,DOMAIN_IP,,TCP,54,21309,TCP CAM Duplicate ACK,599,1570,32120,0,
0.02,CAMERA_IP,,DOMAIN_IP,,TCP,60,21308,TCP CAM Duplicate ACK,599,1570,32120,0,
296.44,DOMAIN_IP,,CAMERA_IP,,TLSv1.2,288,2,TLS Retransmit,,,,,
0.06,COMPUTER_IP,,DOMAIN_IP,,ICMP,316,3,ICMP Redirect,,,,,
114.54,COMPUTER_IP,,CAMERA_IP,,ICMP,82,2,ICMP Redirect,,,,,
835.24,CAMERA_IP,,DOMAIN_IP,,TCP,60,3,TCP CAM ACK,599,1804,32120,0,
0.02,CAMERA_IP,,DOMAIN_IP,,TCP,54,1,TCP CAM Duplicate ACK,599,1804,32120,0,
1.33,CAMERA_IP,,DOMAIN_IP,,TCP,54,518,TCP CAM Duplicate ACK,599,1570,32120,0,
0.02,CAMERA_IP,,DOMAIN_IP,,TCP,60,517,TCP CAM Duplicate ACK,599,1570,32120,0,
28.09,CAMERA_IP,,DOMAIN_IP,,TCP,54,2,TCP CAM Duplicate ACK,599,1804,32120,0,
0.02,CAMERA_IP,,DOMAIN_IP,,TCP,60,1,TCP CAM Duplicate ACK,599,1804,32120,0,
0.08,CAMERA_IP,,DOMAIN_IP,,TCP,54,388,TCP CAM Duplicate ACK,599,1570,32120,0,
0.01,CAMERA_IP,,DOMAIN_IP,,TCP,60,513,TCP CAM Duplicate ACK,599,1570,32120,0,
30.27,CAMERA_IP,,DOMAIN_IP,,TCP,60,3,TCP CAM Duplicate ACK,599,1804,32120,0,
0.0,CAMERA_IP,,DOMAIN_IP,,TCP,60,32,TCP CAM Duplicate ACK,599,1570,32120,0,
0.32,CAMERA_IP,,DOMAIN_IP,,TCP,54,126,TCP CAM Duplicate ACK,599,1570,32120,0,
0.98,CAMERA_IP,,DOMAIN_IP,,TCP,54,1,TCP CAM ACK,599,1804,32120,0,
0.0,CAMERA_IP,,DOMAIN_IP,,TCP,54,3,TCP CAM Duplicate ACK,599,1804,32120,0,
0.01,CAMERA_IP,,DOMAIN_IP,,TCP,54,28105,TCP CAM ACK,599,1570,32120,0,
0.0,CAMERA_IP,,DOMAIN_IP,,TCP,54,2353,TCP CAM Duplicate ACK,599,1570,32120,0,
0.02,CAMERA_IP,,DOMAIN_IP,,TCP,60,2321,TCP CAM Duplicate ACK,599,1570,32120,0,
135.44,CAMERA_IP,,DOMAIN_IP,,TLSv1.2,1467,253,TLS Application Data,,,,,
0.03,CAMERA_IP,,DOMAIN_IP,,TCP,1467,23,TCP CAM PSH ACK,599,1804,33580,1413,
0.07,CAMERA_IP,,DOMAIN_IP,,TCP,1467,23,TCP CAM PSH ACK,2012,1804,33580,1413,
0.15,CAMERA_IP,,DOMAIN_IP,,TCP,1467,7,TCP CAM PSH ACK,3425,1804,33580,1413,
0.02,CAMERA_IP,,DOMAIN_IP,,TCP,1467,11,TCP CAM PSH ACK,4838,1804,33580,1413,
0.02,CAMERA_IP,,DOMAIN_IP,,TCP,1467,261,TCP CAM PSH ACK,6251,1804,33580,1413,
4.83,CAMERA_IP,,DOMAIN_IP,,TCP,1467,1,TCP CAM PSH ACK,7664,1804,33580,1413,
0.11,CAMERA_IP,,DOMAIN_IP,,TCP,1467,1,TCP CAM PSH ACK,9077,1804,33580,1413,
4.44,CAMERA_IP,,DOMAIN_IP,,TCP,1467,1,TCP CAM PSH ACK,10490,1804,33580,1413,
0.03,CAMERA_IP,,DOMAIN_IP,,TCP,1467,1,TCP CAM PSH ACK,11903,1804,33580,1413,
3.57,CAMERA_IP,,DOMAIN_IP,,TCP,1467,1,TCP CAM PSH ACK,13316,1804,33580,1413,
0.04,CAMERA_IP,,DOMAIN_IP,,TCP,1467,1,TCP CAM PSH ACK,14729,1804,33580,1413,
3.65,CAMERA_IP,,DOMAIN_IP,,TCP,1467,9,TCP CAM PSH ACK,16142,1804,33580,1413,
0.03,CAMERA_IP,,DOMAIN_IP,,TCP,1467,89,TCP CAM PSH ACK,17555,1804,33580,1413,
3.58,CAMERA_IP,,DOMAIN_IP,,TCP,1467,17,TCP CAM PSH ACK,18968,1804,33580,1413,
0.03,CAMERA_IP,,DOMAIN_IP,,TCP,1467,13,TCP CAM PSH ACK,20381,1804,33580,1413,
7.12,CAMERA_IP,,DOMAIN_IP,,TCP,1467,5,TCP CAM PSH ACK,21794,1804,33580,1413,
0.03,CAMERA_IP,,DOMAIN_IP,,TCP,1467,5,TCP CAM PSH ACK,23207,1804,33580,1413,
3.48,CAMERA_IP,,DOMAIN_IP,,TCP,1467,5,TCP CAM PSH ACK,24620,1804,33580,1413,
0.03,CAMERA_IP,,DOMAIN_IP,,TCP,1467,5,TCP CAM PSH ACK,26033,1804,33580,1413,
3.45,CAMERA_IP,,DOMAIN_IP,,TCP,1467,4,TCP Out-Of-Order,7664,1804,33580,1413,
0.51,CAMERA_IP,,DOMAIN_IP,,TCP,1467,4,TCP Out-Of-Order,9077,1804,33580,1413,
1.02,CAMERA_IP,,DOMAIN_IP,,TCP,1467,4,TCP Out-Of-Order,10490,1804,33580,1413,
0.14,CAMERA_IP,,DOMAIN_IP,,TCP,1467,4,TCP Out-Of-Order,11903,1804,33580,1413,
8.94,CAMERA_IP,,DOMAIN_IP,,TCP,1467,4,TCP Out-Of-Order,16142,1804,33580,1413,
0.51,CAMERA_IP,,DOMAIN_IP,,TCP,1467,4,TCP Out-Of-Order,17555,1804,33580,1413,
39.5,CAMERA_IP,,DOMAIN_IP,,TLSv1.2,1467,278,TLS Retransmit,,,,,
501.04,DOMAIN_IP,,CAMERA_IP,,TCP,60,1,TCP DOM ACK,1804,2012,45216,0,
0.02,DOMAIN_IP,,CAMERA_IP,,TCP,54,4,TCP DOM Duplicate ACK,1804,2012,45216,0,
0.06,DOMAIN_IP,,CAMERA_IP,,TCP,60,3,TCP DOM Duplicate ACK,1804,2012,45216,0,
21.21,CAMERA_IP,,DOMAIN_IP,,TCP,1467,84,TCP PSH Retransmission,599,1804,33580,1413,
179.86,DOMAIN_IP,,CAMERA_IP,,TCP,60,1,TCP DOM ACK,1804,3425,63585,0,
0.0,DOMAIN_IP,,CAMERA_IP,,TCP,60,21,TCP DOM Duplicate ACK,1804,3425,63585,0,
1.74,DOMAIN_IP,,CAMERA_IP,,TCP,54,22,TCP DOM Duplicate ACK,1804,3425,63585,0,
11.32,CAMERA_IP,,DOMAIN_IP,,TCP,1467,32,TCP PSH Retransmission,2012,1804,33580,1413,
255.13,CAMERA_IP,,DOMAIN_IP,,TCP,1467,13,TCP CAM PSH ACK,27446,1804,33580,1413,
10.54,CAMERA_IP,,DOMAIN_IP,,TCP,1467,7,TCP CAM PSH ACK,28859,1804,33580,1413,
0.03,CAMERA_IP,,DOMAIN_IP,,TCP,1467,1,TCP CAM PSH ACK,30272,1804,33580,1413,
0.08,CAMERA_IP,,DOMAIN_IP,,TCP,1467,29,TCP CAM PSH ACK,31685,1804,33580,1413,
0.03,CAMERA_IP,,DOMAIN_IP,,TCP,1467,7,TCP CAM PSH ACK,33098,1804,33580,1413,
0.03,CAMERA_IP,,DOMAIN_IP,,TCP,1467,15,TCP CAM PSH ACK,34511,1804,33580,1413,
0.03,CAMERA_IP,,DOMAIN_IP,,TCP,1467,7,TCP CAM PSH ACK,35924,1804,33580,1413,
0.03,CAMERA_IP,,DOMAIN_IP,,TCP,1467,15,TCP CAM PSH ACK,37337,1804,33580,1413,
0.04,CAMERA_IP,,DOMAIN_IP,,TCP,1467,251,TCP CAM PSH ACK,38750,1804,33580,1413,
0.02,CAMERA_IP,,DOMAIN_IP,,TCP,1467,1,TCP CAM PSH ACK,40163,1804,33580,1413,
0.04,CAMERA_IP,,DOMAIN_IP,,TCP,1467,1,TCP CAM PSH ACK,41576,1804,33580,1413,
0.02,CAMERA_IP,,DOMAIN_IP,,TCP,1467,1,TCP CAM PSH ACK,42989,1804,33580,1413,
83.67,DOMAIN_IP,,CAMERA_IP,,TCP,60,1,TCP DOM ACK,1804,4838,64998,0,
0.02,DOMAIN_IP,,CAMERA_IP,,TCP,54,1,TCP DOM Duplicate ACK,1804,4838,64998,0,
210.48,DOMAIN_IP,,CAMERA_IP,,ICMP,70,488,ICMP TTL,,,,,
84.12,DOMAIN_IP,,CAMERA_IP,,TCP,60,1,TCP DOM ACK,1804,6251,64998,0,
0.02,DOMAIN_IP,,CAMERA_IP,,TCP,54,2,TCP DOM Duplicate ACK,1804,6251,64998,0,
31.41,DOMAIN_IP,,CAMERA_IP,,TCP,60,1,TCP DOM Duplicate ACK,1804,6251,64998,0,
71.45,,,CAMERA_IP,,ICMP,110,408,ICMP TTL,,,,,
22.34,,,CAMERA_IP,,ICMP,70,750,ICMP TTL,,,,,
18.55,,,CAMERA_IP,,ICMP,82,282,ICMP TTL,,,,,
161.27,GATEWAY_IP,,CAMERA_IP,,ICMP,82,14,ICMP TTL,,,,,
29.97,,,CAMERA_IP,,ICMP,70,50,ICMP TTL,,,,,
211.45,DOMAIN_IP,,CAMERA_IP,,TCP,60,1,TCP DOM ACK,1804,13316,64998,0,
0.02,DOMAIN_IP,,CAMERA_IP,,TCP,54,470,TCP DOM Duplicate ACK,1804,13316,64998,0,
0.46,CAMERA_IP,,DOMAIN_IP,,TCP,1467,27632,TCP PSH Retransmission,6251,1804,33580,1413,
2.6,DOMAIN_IP,,CAMERA_IP,,TCP,60,469,TCP DOM Duplicate ACK,1804,13316,64998,0,
109.09,CAMERA_IP,,DOMAIN_IP,,TCP,1467,9,TCP CAM PSH ACK,44402,1804,33580,1413,
0.04,CAMERA_IP,,DOMAIN_IP,,TCP,1467,9,TCP CAM PSH ACK,45815,1804,33580,1413,
0.03,CAMERA_IP,,DOMAIN_IP,,TCP,1467,9,TCP CAM PSH ACK,47228,1804,33580,1413,
0.04,CAMERA_IP,,DOMAIN_IP,,TCP,1467,9,TCP CAM PSH ACK,48641,1804,33580,1413,
0.03,CAMERA_IP,,DOMAIN_IP,,TCP,1467,9,TCP CAM PSH ACK,50054,1804,33580,1413,
0.03,CAMERA_IP,,DOMAIN_IP,,TCP,1467,9,TCP CAM PSH ACK,51467,1804,33580,1413,
3.33,CAMERA_IP,,DOMAIN_IP,,TCP,1467,1,TCP CAM PSH ACK,52880,1804,33580,1413,
0.03,CAMERA_IP,,DOMAIN_IP,,TCP,1467,9,TCP CAM PSH ACK,54293,1804,33580,1413,
0.03,CAMERA_IP,,DOMAIN_IP,,TCP,1467,1,TCP CAM PSH ACK,55706,1804,33580,1413,
0.03,CAMERA_IP,,DOMAIN_IP,,TCP,1467,1,TCP CAM PSH ACK,57119,1804,33580,1413,
1.34,CAMERA_IP,,DOMAIN_IP,,TCP,1467,33,TCP CAM PSH ACK,58532,1804,33580,1413,
3.29,CAMERA_IP,,DOMAIN_IP,,TCP,1467,1,TCP CAM PSH ACK,59945,1804,33580,1413,
0.03,CAMERA_IP,,DOMAIN_IP,,TCP,1467,9,TCP CAM PSH ACK,61358,1804,33580,1413,
0.03,CAMERA_IP,,DOMAIN_IP,,TCP,1467,9,TCP CAM PSH ACK,62771,1804,33580,1413,
0.03,CAMERA_IP,,DOMAIN_IP,,TCP,1467,21,TCP CAM PSH ACK,64184,1804,33580,1413,
5.06,CAMERA_IP,,DOMAIN_IP,,TCP,1467,13,TCP CAM PSH ACK,65597,1804,33580,1413,
0.03,CAMERA_IP,,DOMAIN_IP,,TCP,1467,13,TCP CAM PSH ACK,67010,1804,33580,1413,
0.03,CAMERA_IP,,DOMAIN_IP,,TCP,1467,13,TCP CAM PSH ACK,68423,1804,33580,1413,
0.03,CAMERA_IP,,DOMAIN_IP,,TCP,1467,13,TCP CAM PSH ACK,69836,1804,33580,1413,
0.03,CAMERA_IP,,DOMAIN_IP,,TCP,1467,13,TCP CAM PSH ACK,71249,1804,33580,1413,
3.67,CAMERA_IP,,DOMAIN_IP,,TCP,1467,1,TCP CAM PSH ACK,72662,1804,33580,1413,
0.04,CAMERA_IP,,DOMAIN_IP,,TCP,1467,1,TCP CAM PSH ACK,74075,1804,33580,1413,
0.04,CAMERA_IP,,DOMAIN_IP,,TCP,1467,1,TCP CAM PSH ACK,75488,1804,33580,1413,
0.02,CAMERA_IP,,DOMAIN_IP,,TLSv1.2,1467,3,TLS Window_full,,,,,
0.02,CAMERA_IP,,DOMAIN_IP,,TCP,1467,1,TCP PSH Window FUll Retransmission,76901,1804,33580,1413,
4.36,CAMERA_IP,,DOMAIN_IP,,TCP,1467,4,TCP Out-Of-Order,44402,1804,33580,1413,
0.13,CAMERA_IP,,DOMAIN_IP,,TCP,1467,4,TCP Out-Of-Order,45815,1804,33580,1413,
0.12,CAMERA_IP,,DOMAIN_IP,,TCP,1467,4,TCP Out-Of-Order,47228,1804,33580,1413,
0.12,CAMERA_IP,,DOMAIN_IP,,TCP,1467,4,TCP Out-Of-Order,48641,1804,33580,1413,
0.12,CAMERA_IP,,DOMAIN_IP,,TCP,1467,4,TCP Out-Of-Order,50054,1804,33580,1413,
0.11,CAMERA_IP,,DOMAIN_IP,,TCP,1467,4,TCP Out-Of-Order,51467,1804,33580,1413,
6.29,CAMERA_IP,,DOMAIN_IP,,TCP,1467,4,TCP Out-Of-Order,58532,1804,33580,1413,
4.96,DOMAIN_IP,,CAMERA_IP,,TCP,60,1,TCP DOM ACK,1804,14729,64998,0,
0.03,DOMAIN_IP,,CAMERA_IP,,TCP,54,913,TCP DOM Duplicate ACK,1804,14729,64998,0,
0.04,DOMAIN_IP,,CAMERA_IP,,TCP,60,912,TCP DOM Duplicate ACK,1804,14729,64998,0,
16.26,CAMERA_IP,,DOMAIN_IP,,TCP,1467,112,TCP PSH Retransmission,13316,1804,33580,1413,
142.33,CAMERA_IP,,DOMAIN_IP,,TCP,1467,5,TCP PSH Window FUll Retransmission,78314,1804,33580,1413,
84.44,CAMERA_IP,,DOMAIN_IP,,TCP,60,8,TCP CAM Duplicate ACK,79727,1804,33580,0,
0.06,CAMERA_IP,,DOMAIN_IP,,TCP,54,8,TCP CAM Duplicate ACK,79727,1804,33580,0,
60.8,DOMAIN_IP,,CAMERA_IP,,TCP,60,1,TCP DOM ACK,1804,28859,64998,0,
0.01,DOMAIN_IP,,CAMERA_IP,,TCP,54,1981,TCP DOM Duplicate ACK,1804,28859,64998,0,
0.06,DOMAIN_IP,,CAMERA_IP,,TCP,60,1981,TCP DOM Duplicate ACK,1804,28859,64998,0,
342.96,CAMERA_IP,,DOMAIN_IP,,TCP,1467,2,TCP PSH Retransmission,14729,1804,33580,1413,
89.16,CAMERA_IP,,DOMAIN_IP,,TCP,1467,1,TCP CAM PSH ACK,79727,1804,33580,1413,
0.04,CAMERA_IP,,DOMAIN_IP,,TCP,1467,1,TCP CAM PSH ACK,81140,1804,33580,1413,
0.08,CAMERA_IP,,DOMAIN_IP,,TCP,1467,1,TCP CAM PSH ACK,82553,1804,33580,1413,
0.03,CAMERA_IP,,DOMAIN_IP,,TCP,1467,1,TCP CAM PSH ACK,83966,1804,33580,1413,
0.03,CAMERA_IP,,DOMAIN_IP,,TCP,1467,1,TCP CAM PSH ACK,85379,1804,33580,1413,
5.25,CAMERA_IP,,DOMAIN_IP,,TCP,1467,5,TCP CAM PSH ACK,86792,1804,33580,1413,
0.04,CAMERA_IP,,DOMAIN_IP,,TCP,1467,5,TCP CAM PSH ACK,88205,1804,33580,1413,
0.03,CAMERA_IP,,DOMAIN_IP,,TCP,1467,5,TCP CAM PSH ACK,89618,1804,33580,1413,
76.16,CAMERA_IP,,DOMAIN_IP,,TLSv1.2,1467,1,TLS Window_full,,,,,
0.02,CAMERA_IP,,DOMAIN_IP,,TCP,1467,5,TCP PSH Window FUll Retransmission,92444,1804,33580,1413,
20.17,CAMERA_IP,,DOMAIN_IP,,TCP,1467,4,TCP CAM PSH ACK,91031,1804,33580,1413,
378.82,DOMAIN_IP,,CAMERA_IP,,TCP,60,1,TCP DOM ACK,1804,30272,64998,0,
0.03,DOMAIN_IP,,CAMERA_IP,,TCP,54,269,TCP DOM Duplicate ACK,1804,30272,64998,0,
143.8,,,CAMERA_IP,,ICMP,590,242,ICMP TTL,,,,,
2.37,COMPUTER_IP,,CAMERA_IP,,ICMP,590,10,ICMP TTL,,,,,
0.06,GATEWAY_IP,,CAMERA_IP,,ICMP,590,2,ICMP TTL,,,,,
189.5,CAMERA_IP,,DOMAIN_IP,,TCP,1467,2070,TCP PSH Retransmission,28859,1804,33580,1413,
2.05,CAMERA_IP,,DOMAIN_IP,,TCP,60,341,TCP CAM Duplicate ACK,93857,1804,33580,0,
0.02,CAMERA_IP,,DOMAIN_IP,,TCP,54,341,TCP CAM Duplicate ACK,93857,1804,33580,0,
9.56,DOMAIN_IP,,CAMERA_IP,,TCP,60,268,TCP DOM Duplicate ACK,1804,30272,64998,0,
60.4,CAMERA_IP,,DOMAIN_IP,,TCP,1467,1,TCP PSH Window FUll Retransmission,93857,1804,33580,1413,
7.58,CAMERA_IP,,DOMAIN_IP,,TCP,60,28475,TCP CAM ACK,93857,1804,33580,0,
0.02,CAMERA_IP,,DOMAIN_IP,,TCP,54,28323,TCP CAM ACK,93857,1804,33580,0,
76.54,DOMAIN_IP,,CAMERA_IP,,TCP,60,1,TCP DOM ACK,1804,31685,65535,0,
0.01,DOMAIN_IP,,CAMERA_IP,,TCP,54,82,TCP DOM Duplicate ACK,1804,31685,65535,0,
0.03,DOMAIN_IP,,CAMERA_IP,,TCP,60,81,TCP DOM Duplicate ACK,1804,31685,65535,0,
129.92,CAMERA_IP,,DOMAIN_IP,,TCP,1467,53,TCP CAM PSH ACK,95270,1804,33580,1413,
132.2,DOMAIN_IP,,CAMERA_IP,,TCP,60,1,TCP DOM ACK,1804,33098,65535,0,
0.02,DOMAIN_IP,,CAMERA_IP,,TCP,54,6,TCP DOM Duplicate ACK,1804,33098,65535,0,
0.11,DOMAIN_IP,,CAMERA_IP,,TCP,60,5,TCP DOM Duplicate ACK,1804,33098,65535,0,
17.61,CAMERA_IP,,DOMAIN_IP,,TCP,1467,1,TCP CAM PSH ACK,96683,1804,33580,1413,
3.33,CAMERA_IP,,DOMAIN_IP,,TCP,1467,8,TCP Out-Of-Order,95270,1804,33580,1413,
120.61,DOMAIN_IP,,CAMERA_IP,,TCP,60,1,TCP DOM ACK,1804,34511,65535,0,
0.01,DOMAIN_IP,,CAMERA_IP,,TCP,54,1,TCP DOM Duplicate ACK,1804,34511,65535,0,
326.66,DOMAIN_IP,,CAMERA_IP,,TCP,60,1,TCP DOM ACK,1804,35924,65535,0,
0.02,DOMAIN_IP,,CAMERA_IP,,TCP,54,2,TCP DOM Duplicate ACK,1804,35924,65535,0,
0.07,DOMAIN_IP,,CAMERA_IP,,TCP,60,1,TCP DOM Duplicate ACK,1804,35924,65535,0,
167.22,DOMAIN_IP,,CAMERA_IP,,TCP,60,1,TCP DOM ACK,1804,37337,65535,0,
0.02,DOMAIN_IP,,CAMERA_IP,,TCP,54,1,TCP DOM Duplicate ACK,1804,37337,65535,0,
611.83,DOMAIN_IP,,CAMERA_IP,,TCP,60,1,TCP DOM ACK,1804,38750,65535,0,
0.02,DOMAIN_IP,,CAMERA_IP,,TCP,54,1,TCP DOM Duplicate ACK,1804,38750,65535,0,
21.53,CAMERA_IP,,DOMAIN_IP,,TCP,1467,24,TCP PSH Retransmission,37337,1804,33580,1413,
131.89,COMPUTER_IP,,CAMERA_IP,,ICMP,82,14,ICMP TTL,,,,,
382.35,DOMAIN_IP,,CAMERA_IP,,TCP,60,1,TCP DOM ACK,1804,40163,65535,0,
0.02,DOMAIN_IP,,CAMERA_IP,,TCP,54,804,TCP DOM Duplicate ACK,1804,40163,65535,0,
0.47,CAMERA_IP,,DOMAIN_IP,,TCP,1467,30699,TCP PSH Retransmission,38750,1804,33580,1413,
2.61,DOMAIN_IP,,CAMERA_IP,,TCP,60,803,TCP DOM Duplicate ACK,1804,40163,65535,0,
190.9,CAMERA_IP,,DOMAIN_IP,,TCP,60,15,TCP CAM Duplicate ACK,98096,1804,33580,0,
0.05,CAMERA_IP,,DOMAIN_IP,,TCP,54,15,TCP CAM Duplicate ACK,98096,1804,33580,0,
27.73,CAMERA_IP,,DOMAIN_IP,,TCP,1467,5,TCP CAM PSH ACK,98096,1804,33580,1413,
0.04,CAMERA_IP,,DOMAIN_IP,,TCP,1467,5,TCP CAM PSH ACK,99509,1804,33580,1413,
0.04,CAMERA_IP,,DOMAIN_IP,,TCP,1467,5,TCP CAM PSH ACK,100922,1804,33580,1413,
0.03,CAMERA_IP,,DOMAIN_IP,,TCP,1467,5,TCP CAM PSH ACK,102335,1804,33580,1413,
0.02,CAMERA_IP,,DOMAIN_IP,,TCP,1467,5,TCP CAM PSH ACK,103748,1804,33580,1413,
26.51,DOMAIN_IP,,CAMERA_IP,,TCP,60,1,TCP DOM ACK,1804,41576,65535,0,
0.02,DOMAIN_IP,,CAMERA_IP,,TCP,54,2191,TCP DOM Duplicate ACK,1804,41576,65535,0,
0.03,DOMAIN_IP,,CAMERA_IP,,TCP,60,2190,TCP DOM Duplicate ACK,1804,41576,65535,0,
175.66,CAMERA_IP,,DOMAIN_IP,,TCP,1467,125,TCP CAM PSH ACK,105161,1804,33580,1413,
522.48,DOMAIN_IP,,CAMERA_IP,,TCP,60,1,TCP DOM ACK,1804,42989,65535,0,
0.03,DOMAIN_IP,,CAMERA_IP,,TCP,54,900,TCP DOM Duplicate ACK,1804,42989,65535,0,
0.03,DOMAIN_IP,,CAMERA_IP,,TCP,60,899,TCP DOM Duplicate ACK,1804,42989,65535,0,
348.77,CAMERA_IP,,DOMAIN_IP,,TCP,1467,2,TCP PSH Retransmission,41576,1804,33580,1413,
0.0,CAMERA_IP,,DOMAIN_IP,,TCP,60,30,TCP CAM Duplicate ACK,106574,1804,33580,0,
0.1,CAMERA_IP,,DOMAIN_IP,,TCP,54,30,TCP CAM Duplicate ACK,106574,1804,33580,0,
279.78,CAMERA_IP,,DOMAIN_IP,,TCP,1467,11879,TCP CAM PSH ACK,106574,1804,33580,1413,
47.62,DOMAIN_IP,,CAMERA_IP,,TCP,60,1,TCP DOM ACK,1804,52880,65535,0,
0.02,DOMAIN_IP,,CAMERA_IP,,TCP,54,1594,TCP DOM Duplicate ACK,1804,52880,65535,0,
0.03,DOMAIN_IP,,CAMERA_IP,,TCP,60,1593,TCP DOM Duplicate ACK,1804,52880,65535,0,
15.46,CAMERA_IP,,DOMAIN_IP,,TCP,1467,80,TCP PSH Retransmission,42989,1804,33580,1413,
353.84,CAMERA_IP,,DOMAIN_IP,,TCP,60,20,TCP CAM Duplicate ACK,107987,1804,33580,0,
0.02,CAMERA_IP,,DOMAIN_IP,,TCP,54,20,TCP CAM Duplicate ACK,107987,1804,33580,0,
60.67,CAMERA_IP,,DOMAIN_IP,,TCP,1467,27,TCP CAM PSH ACK,107987,1804,33580,1413,
0.19,CAMERA_IP,,DOMAIN_IP,,TCP,1467,27,TCP CAM PSH ACK,109400,1804,33580,1413,
0.18,CAMERA_IP,,DOMAIN_IP,,TCP,1467,27,TCP CAM PSH ACK,110813,1804,33580,1413,
0.2,CAMERA_IP,,DOMAIN_IP,,TCP,1467,27,TCP CAM PSH ACK,112226,1804,33580,1413,
0.19,CAMERA_IP,,DOMAIN_IP,,TCP,1467,59,TCP CAM PSH ACK,113639,1804,33580,1413,
0.18,CAMERA_IP,,DOMAIN_IP,,TCP,1467,3,TCP CAM PSH ACK,115052,1804,33580,1413,
0.18,CAMERA_IP,,DOMAIN_IP,,TCP,1467,3,TCP CAM PSH ACK,116465,1804,33580,1413,
0.56,CAMERA_IP,,DOMAIN_IP,,TCP,1467,308,TCP Out-Of-Order,106574,1804,33580,1413,
18.53,CAMERA_IP,,DOMAIN_IP,,TCP,60,26605,TCP CAM ACK,107987,1804,33580,0,
0.02,CAMERA_IP,,DOMAIN_IP,,TCP,54,26357,TCP CAM ACK,107987,1804,33580,0,
48.22,DOMAIN_IP,,CAMERA_IP,,TCP,60,1,TCP DOM ACK,1804,54293,65535,0,
0.02,DOMAIN_IP,,CAMERA_IP,,TCP,54,415,TCP DOM Duplicate ACK,1804,54293,65535,0,
0.06,DOMAIN_IP,,CAMERA_IP,,TCP,60,414,TCP DOM Duplicate ACK,1804,54293,65535,0,
372.43,CAMERA_IP,,DOMAIN_IP,,TCP,1467,28,TCP PSH Retransmission,52880,1804,33580,1413,
0.14,CAMERA_IP,,DOMAIN_IP,,TCP,60,36,TCP CAM Duplicate ACK,117878,1804,33580,0,
0.02,CAMERA_IP,,DOMAIN_IP,,TCP,54,36,TCP CAM Duplicate ACK,117878,1804,33580,0,
932.14,CAMERA_IP,,DOMAIN_IP,,TCP,1467,11,TCP CAM PSH ACK,117878,1804,33580,1413,
132.16,DOMAIN_IP,,CAMERA_IP,,TCP,60,1,TCP DOM ACK,1804,55706,65535,0,
0.02,DOMAIN_IP,,CAMERA_IP,,TCP,54,182,TCP DOM Duplicate ACK,1804,55706,65535,0,
3.64,DOMAIN_IP,,CAMERA_IP,,TCP,60,181,TCP DOM Duplicate ACK,1804,55706,65535,0,
143.9,,,CAMERA_IP,,ICMP,70,2086,ICMP TTL,,,,,
54.38,,,CAMERA_IP,,ICMP,110,1036,ICMP TTL,,,,,
51.12,,,CAMERA_IP,,ICMP,70,980,ICMP TTL,,,,,
0.62,,,CAMERA_IP,,ICMP,82,184,ICMP TTL,,,,,
46.36,,,CAMERA_IP,,ICMP,70,972,ICMP TTL,,,,,
64.4,CAMERA_IP,,DOMAIN_IP,,TCP,1467,9428,TCP PSH Retransmission,54293,1804,33580,1413,
60.7,CAMERA_IP,,DOMAIN_IP,,TCP,1467,11,TCP CAM PSH ACK,119291,1804,33580,1413,
40.03,DOMAIN_IP,,CAMERA_IP,,TCP,60,1,TCP DOM ACK,1804,57119,65535,0,
0.01,DOMAIN_IP,,CAMERA_IP,,TCP,54,344,TCP DOM Duplicate ACK,1804,57119,65535,0,
0.03,DOMAIN_IP,,CAMERA_IP,,TCP,60,343,TCP DOM Duplicate ACK,1804,57119,65535,0,
70.17,CAMERA_IP,,DOMAIN_IP,,TCP,60,42,TCP CAM Duplicate ACK,120704,1804,33580,0,
0.02,CAMERA_IP,,DOMAIN_IP,,TCP,54,42,TCP CAM Duplicate ACK,120704,1804,33580,0,
30.06,DOMAIN_IP,,CAMERA_IP,,TCP,60,1,TCP DOM ACK,1804,59945,65535,0,
0.02,DOMAIN_IP,,CAMERA_IP,,TCP,54,650,TCP DOM Duplicate ACK,1804,59945,65535,0,
0.2,CAMERA_IP,,DOMAIN_IP,,TCP,1467,15,TCP CAM PSH ACK,120704,1804,33580,1413,
2.64,DOMAIN_IP,,CAMERA_IP,,TCP,60,649,TCP DOM Duplicate ACK,1804,59945,65535,0,
9.14,CAMERA_IP,,DOMAIN_IP,,TCP,1467,16,TCP PSH Retransmission,57119,1804,33580,1413,
0.41,CAMERA_IP,,DOMAIN_IP,,TCP,60,25052,TCP CAM ACK,120704,1804,33580,0,
0.04,CAMERA_IP,,DOMAIN_IP,,TCP,54,24948,TCP CAM ACK,120704,1804,33580,0,
207.54,CAMERA_IP,,DOMAIN_IP,,TCP,1467,11,TCP CAM PSH ACK,122117,1804,33580,1413,
0.2,CAMERA_IP,,DOMAIN_IP,,TCP,1467,11,TCP CAM PSH ACK,123530,1804,33580,1413,
84.34,DOMAIN_IP,,CAMERA_IP,,TCP,60,1,TCP DOM ACK,1804,61358,65535,0,
0.02,DOMAIN_IP,,CAMERA_IP,,TCP,54,303,TCP DOM Duplicate ACK,1804,61358,65535,0,
0.03,DOMAIN_IP,,CAMERA_IP,,TCP,60,302,TCP DOM Duplicate ACK,1804,61358,65535,0,
367.1,CAMERA_IP,,DOMAIN_IP,,TCP,1467,12,TCP PSH Retransmission,59945,1804,33580,1413,
67.82,CAMERA_IP,,DOMAIN_IP,,TCP,1467,19,TCP CAM PSH ACK,124943,1804,33580,1413,
63.41,DOMAIN_IP,,CAMERA_IP,,TCP,60,1,TCP DOM ACK,1804,62771,65535,0,
0.01,DOMAIN_IP,,CAMERA_IP,,TCP,54,5,TCP DOM Duplicate ACK,1804,62771,65535,0,
29.44,DOMAIN_IP,,CAMERA_IP,,TCP,60,4,TCP DOM Duplicate ACK,1804,62771,65535,0,
299.13,CAMERA_IP,,DOMAIN_IP,,TCP,1467,3,TCP CAM PSH ACK,126356,1804,33580,1413,
71.6,DOMAIN_IP,,CAMERA_IP,,TCP,60,1,TCP DOM ACK,1804,64184,65535,0,
0.02,DOMAIN_IP,,CAMERA_IP,,TCP,54,3,TCP DOM Duplicate ACK,1804,64184,65535,0,
28.61,DOMAIN_IP,,CAMERA_IP,,TCP,60,2,TCP DOM Duplicate ACK,1804,64184,65535,0,
519.77,DOMAIN_IP,,CAMERA_IP,,TCP,60,1,TCP DOM ACK,1804,72662,65535,0,
0.02,DOMAIN_IP,,CAMERA_IP,,TCP,54,673,TCP DOM Duplicate ACK,1804,72662,65535,0,
316.44,CAMERA_IP,,DOMAIN_IP,,TCP,1467,22215,TCP PSH Retransmission,64184,1804,33580,1413,
9.47,DOMAIN_IP,,CAMERA_IP,,TCP,60,672,TCP DOM Duplicate ACK,1804,72662,65535,0,
131.61,CAMERA_IP,,DOMAIN_IP,,TCP,1467,11,TCP CAM PSH ACK,127769,1804,33580,1413,
0.15,CAMERA_IP,,DOMAIN_IP,,TCP,1467,11,TCP CAM PSH ACK,129182,1804,33580,1413,
0.2,CAMERA_IP,,DOMAIN_IP,,TCP,1467,11,TCP CAM PSH ACK,130595,1804,33580,1413,
0.18,CAMERA_IP,,DOMAIN_IP,,TCP,1467,11,TCP CAM PSH ACK,132008,1804,33580,1413,
0.19,CAMERA_IP,,DOMAIN_IP,,TCP,1467,11,TCP CAM PSH ACK,133421,1804,33580,1413,
0.19,CAMERA_IP,,DOMAIN_IP,,TCP,1467,187,TCP CAM PSH ACK,134834,1804,33580,1413,
0.18,CAMERA_IP,,DOMAIN_IP,,TCP,1467,3,TCP CAM PSH ACK,136247,1804,33580,1413,
91.19,DOMAIN_IP,,CAMERA_IP,,TCP,60,1,TCP DOM ACK,1804,74075,65535,0,
0.04,DOMAIN_IP,,CAMERA_IP,,TCP,54,790,TCP DOM Duplicate ACK,1804,74075,65535,0,
0.09,DOMAIN_IP,,CAMERA_IP,,TCP,60,789,TCP DOM Duplicate ACK,1804,74075,65535,0,
204.49,CAMERA_IP,,DOMAIN_IP,,TCP,1467,11,TCP CAM PSH ACK,137660,1804,33580,1413,
99.54,DOMAIN_IP,,CAMERA_IP,,TCP,60,1,TCP DOM ACK,1804,75488,65535,0,
0.03,DOMAIN_IP,,CAMERA_IP,,TCP,54,1064,TCP DOM Duplicate ACK,1804,75488,65535,0,
0.12,DOMAIN_IP,,CAMERA_IP,,TCP,60,1064,TCP DOM Duplicate ACK,1804,75488,65535,0,
359.09,CAMERA_IP,,DOMAIN_IP,,TCP,1467,12,TCP PSH Retransmission,74075,1804,33580,1413,
92.29,CAMERA_IP,,DOMAIN_IP,,TCP,1467,19,TCP CAM PSH ACK,139073,1804,33580,1413,
47.08,DOMAIN_IP,,CAMERA_IP,,TCP,60,1,TCP DOM ACK,1804,76901,65535,0,
0.02,DOMAIN_IP,,CAMERA_IP,,TCP,54,788,TCP DOM Duplicate ACK,1804,76901,65535,0,
0.03,DOMAIN_IP,,CAMERA_IP,,TCP,60,787,TCP DOM Duplicate ACK,1804,76901,65535,0,
400.93,,,CAMERA_IP,,ICMP,590,250,ICMP TTL,,,,,
188.29,CAMERA_IP,,DOMAIN_IP,,TCP,1467,28242,TCP CAM PSH ACK,140486,1804,33580,1413,
76.51,CAMERA_IP,,DOMAIN_IP,,TCP,60,42,TCP CAM Duplicate ACK,141899,1804,33580,0,
0.02,CAMERA_IP,,DOMAIN_IP,,TCP,54,42,TCP CAM Duplicate ACK,141899,1804,33580,0,
32.66,DOMAIN_IP,,CAMERA_IP,,TCP,60,1,TCP DOM ACK,1804,79727,65535,0,
0.03,DOMAIN_IP,,CAMERA_IP,,TCP,54,1283,TCP DOM Duplicate ACK,1804,79727,65535,0,
0.05,DOMAIN_IP,,CAMERA_IP,,TCP,60,1282,TCP DOM Duplicate ACK,1804,79727,65535,0,
365.6,CAMERA_IP,,DOMAIN_IP,,TCP,1467,23,TCP PSH Retransmission,76901,1804,33580,1413,
30.55,CAMERA_IP,,DOMAIN_IP,,TCP,1467,23,TCP CAM PSH ACK,141899,1804,33580,1413,
0.19,CAMERA_IP,,DOMAIN_IP,,TCP,1467,11,TCP CAM PSH ACK,143312,1804,33580,1413,
0.54,CAMERA_IP,,DOMAIN_IP,,TCP,1467,593,TCP Out-Of-Order,140486,1804,33580,1413,
98.48,DOMAIN_IP,,CAMERA_IP,,TCP,60,1,TCP DOM ACK,1804,81140,65535,0,
0.02,DOMAIN_IP,,CAMERA_IP,,TCP,54,1514,TCP DOM Duplicate ACK,1804,81140,65535,0,
0.03,DOMAIN_IP,,CAMERA_IP,,TCP,60,1513,TCP DOM Duplicate ACK,1804,81140,65535,0,
371.8,CAMERA_IP,,DOMAIN_IP,,TCP,1467,4,TCP PSH Retransmission,79727,1804,33580,1413,
119.12,CAMERA_IP,,DOMAIN_IP,,TCP,1467,11,TCP CAM PSH ACK,144725,1804,33580,1413,
80.26,CAMERA_IP,,DOMAIN_IP,,TCP,60,48,TCP CAM Duplicate ACK,146138,1804,33580,0,
0.02,CAMERA_IP,,DOMAIN_IP,,TCP,54,48,TCP CAM Duplicate ACK,146138,1804,33580,0,
34.64,DOMAIN_IP,,CAMERA_IP,,TCP,60,1,TCP DOM ACK,1804,82553,65535,0,
0.02,DOMAIN_IP,,CAMERA_IP,,TCP,54,1654,TCP DOM Duplicate ACK,1804,82553,65535,0,
0.03,DOMAIN_IP,,CAMERA_IP,,TCP,60,1653,TCP DOM Duplicate ACK,1804,82553,65535,0,
376.82,CAMERA_IP,,DOMAIN_IP,,TCP,1467,36040,TCP PSH Retransmission,81140,1804,33580,1413,
507.33,CAMERA_IP,,DOMAIN_IP,,TCP,1467,11,TCP CAM PSH ACK,146138,1804,33580,1413,
108.68,DOMAIN_IP,,CAMERA_IP,,TCP,60,1,TCP DOM ACK,1804,83966,65535,0,
0.02,DOMAIN_IP,,CAMERA_IP,,TCP,54,1830,TCP DOM Duplicate ACK,1804,83966,65535,0,
0.03,DOMAIN_IP,,CAMERA_IP,,TCP,60,1829,TCP DOM Duplicate ACK,1804,83966,65535,0,
373.86,CAMERA_IP,,DOMAIN_IP,,TCP,1467,12,TCP PSH Retransmission,82553,1804,33580,1413,
239.83,CAMERA_IP,,DOMAIN_IP,,TCP,1467,11,TCP CAM PSH ACK,147551,1804,33580,1413,
58.26,CAMERA_IP,,DOMAIN_IP,,TCP,60,24,TCP CAM Duplicate ACK,148964,1804,33580,0,
0.02,CAMERA_IP,,DOMAIN_IP,,TCP,54,24,TCP CAM Duplicate ACK,148964,1804,33580,0,
35.66,DOMAIN_IP,,CAMERA_IP,,TCP,60,1,TCP DOM ACK,1804,85379,65535,0,
0.04,DOMAIN_IP,,CAMERA_IP,,TCP,54,1670,TCP DOM Duplicate ACK,1804,85379,65535,0,
0.03,DOMAIN_IP,,CAMERA_IP,,TCP,60,1669,TCP DOM Duplicate ACK,1804,85379,65535,0,
371.7,CAMERA_IP,,DOMAIN_IP,,TCP,1467,24421,TCP PSH Retransmission,83966,1804,33580,1413,
421.4,CAMERA_IP,,DOMAIN_IP,,TCP,1467,847,TCP CAM PSH ACK,148964,1804,33580,1413,
93.83,DOMAIN_IP,,CAMERA_IP,,TCP,60,1,TCP DOM ACK,1804,93857,65535,0,
0.02,DOMAIN_IP,,CAMERA_IP,,TCP,54,1239,TCP DOM Duplicate ACK,1804,93857,65535,0,
0.01,DOMAIN_IP,,CAMERA_IP,,TCP,60,1239,TCP DOM Duplicate ACK,1804,93857,65535,0,
21.75,CAMERA_IP,,DOMAIN_IP,,TCP,1467,20,TCP PSH Retransmission,85379,1804,33580,1413,
388.77,DOMAIN_IP,,CAMERA_IP,,TCP,60,1,TCP DOM ACK,1804,96683,65535,0,
0.02,DOMAIN_IP,,CAMERA_IP,,TCP,54,979,TCP DOM Duplicate ACK,1804,96683,65535,0,
0.01,DOMAIN_IP,,CAMERA_IP,,TCP,60,978,TCP DOM Duplicate ACK,1804,96683,65535,0,
17.66,CAMERA_IP,,DOMAIN_IP,,TCP,1467,56,TCP PSH Retransmission,93857,1804,33580,1413,
31.07,CAMERA_IP,,DOMAIN_IP,,TCP,1467,20,TCP CAM PSH ACK,150377,1804,33580,1413,
0.19,CAMERA_IP,,DOMAIN_IP,,TCP,1467,11,TCP CAM PSH ACK,151790,1804,33580,1413,
0.2,CAMERA_IP,,DOMAIN_IP,,TCP,1467,11,TCP CAM PSH ACK,153203,1804,33580,1413,
0.26,CAMERA_IP,,DOMAIN_IP,,TCP,1467,27,TCP CAM PSH ACK,154616,1804,33580,1413,
9.41,CAMERA_IP,,DOMAIN_IP,,TCP,1467,11,TCP CAM PSH ACK,156029,1804,33580,1413,
0.09,CAMERA_IP,,DOMAIN_IP,,TCP,1467,11,TCP CAM PSH ACK,157442,1804,33580,1413,
647.72,CAMERA_IP,,DOMAIN_IP,,TCP,1467,1211,TCP CAM PSH ACK,158855,1804,33580,1413,
0.69,CAMERA_IP,,DOMAIN_IP,,TCP,1467,651,TCP CAM PSH ACK,160268,1804,33580,1413,
0.19,CAMERA_IP,,DOMAIN_IP,,TCP,1467,280,TCP Out-Of-Order,158855,1804,33580,1413,
95.57,DOMAIN_IP,,CAMERA_IP,,TCP,60,1,TCP DOM ACK,1804,161681,65535,0,
0.02,DOMAIN_IP,,CAMERA_IP,,TCP,54,1404,TCP DOM Duplicate ACK,1804,161681,65535,0,
0.01,DOMAIN_IP,,CAMERA_IP,,TCP,60,1411,TCP DOM Duplicate ACK,1804,161681,65535,0,
0.76,CAMERA_IP,,DOMAIN_IP,,TCP,1467,11523,TCP PSH Retransmission,158855,1804,33580,1413,
6.92,CAMERA_IP,,DOMAIN_IP,,TCP,1467,2696,TCP PSH Retransmission,160268,1804,33580,1413,
5.8,CAMERA_IP,,DOMAIN_IP,,TCP,1467,252,TCP PSH Retransmission,96683,1804,33580,1413,
359.23,CAMERA_IP,,DOMAIN_IP,,TCP,60,6,TCP CAM Duplicate ACK,161681,1804,33580,0,
2.12,CAMERA_IP,,DOMAIN_IP,,TCP,54,6,TCP CAM Duplicate ACK,161681,1804,33580,0,
29.63,CAMERA_IP,,DOMAIN_IP,,TCP,1467,11,TCP CAM PSH ACK,163094,1804,33580,1413,
0.19,CAMERA_IP,,DOMAIN_IP,,TCP,1467,11,TCP CAM PSH ACK,164507,1804,33580,1413,
0.19,CAMERA_IP,,DOMAIN_IP,,TCP,1467,11,TCP CAM PSH ACK,165920,1804,33580,1413,
0.2,CAMERA_IP,,DOMAIN_IP,,TCP,1467,11,TCP CAM PSH ACK,167333,1804,33580,1413,
0.2,CAMERA_IP,,DOMAIN_IP,,TCP,1467,7,TCP CAM PSH ACK,168746,1804,33580,1413,
0.19,CAMERA_IP,,DOMAIN_IP,,TCP,1467,3,TCP CAM PSH ACK,170159,1804,33580,1413,
3.2,CAMERA_IP,,DOMAIN_IP,,TCP,1467,11,TCP CAM PSH ACK,171572,1804,33580,1413,
6.87,CAMERA_IP,,DOMAIN_IP,,TCP,60,186,TCP CAM ACK,161681,1804,33580,0,
0.02,CAMERA_IP,,DOMAIN_IP,,TCP,54,186,TCP CAM ACK,161681,1804,33580,0,
25.18,DOMAIN_IP,,CAMERA_IP,,TCP,60,1,TCP DOM ACK,1804,163094,65535,0,
0.0,DOMAIN_IP,,CAMERA_IP,,TCP,60,1,TCP DOM ACK,1804,164507,65535,0,
0.0,DOMAIN_IP,,CAMERA_IP,,TCP,60,1,TCP DOM ACK,1804,165920,65535,0,
0.0,DOMAIN_IP,,CAMERA_IP,,TCP,60,1,TCP DOM ACK,1804,167333,65535,0,
0.13,DOMAIN_IP,,CAMERA_IP,,TCP,60,1,TCP DOM ACK,1804,168746,65535,0,
0.0,DOMAIN_IP,,CAMERA_IP,,TCP,60,1,TCP DOM ACK,1804,170159,65535,0,
0.0,DOMAIN_IP,,CAMERA_IP,,TCP,60,1,TCP DOM ACK,1804,171572,65535,0,
0.99,DOMAIN_IP,,CAMERA_IP,,TCP,60,18,TCP DOM Duplicate ACK,1804,171572,65535,0,
0.3,DOMAIN_IP,,CAMERA_IP,,TCP,60,3,TCP DOM ACK,1804,172985,65535,0,
0.14,DOMAIN_IP,,CAMERA_IP,,TCP,60,5,TCP DOM Duplicate ACK,1804,172985,65535,0,
0.45,DOMAIN_IP,,CAMERA_IP,,TCP,54,1,TCP DOM ACK,1804,161681,65535,0,
0.0,DOMAIN_IP,,CAMERA_IP,,TCP,54,7,TCP DOM Duplicate ACK,1804,161681,65535,0,
0.02,DOMAIN_IP,,CAMERA_IP,,TCP,54,1,TCP DOM ACK,1804,163094,65535,0,
0.0,DOMAIN_IP,,CAMERA_IP,,TCP,54,1,TCP DOM ACK,1804,164507,65535,0,
0.0,DOMAIN_IP,,CAMERA_IP,,TCP,54,1,TCP DOM ACK,1804,165920,65535,0,
0.18,DOMAIN_IP,,CAMERA_IP,,TCP,60,10,TCP DOM Duplicate ACK,1804,172985,65535,0,
1.0,DOMAIN_IP,,CAMERA_IP,,TCP,54,1,TCP DOM ACK,1804,167333,65535,0,
0.01,DOMAIN_IP,,CAMERA_IP,,TCP,54,1,TCP DOM ACK,1804,168746,65535,0,
0.0,DOMAIN_IP,,CAMERA_IP,,TCP,54,1,TCP DOM ACK,1804,170159,65535,0,
0.0,DOMAIN_IP,,CAMERA_IP,,TCP,54,2,TCP DOM ACK,1804,171572,65535,0,
0.29,DOMAIN_IP,,CAMERA_IP,,TCP,60,5,TCP DOM Duplicate ACK,1804,172985,65535,0,
1.03,DOMAIN_IP,,CAMERA_IP,,TCP,54,17,TCP DOM Duplicate ACK,1804,171572,65535,0,
0.2,DOMAIN_IP,,CAMERA_IP,,TCP,54,1,TCP DOM ACK,1804,172985,65535,0,
0.0,DOMAIN_IP,,CAMERA_IP,,TCP,54,440,TCP DOM Duplicate ACK,1804,172985,65535,0,
0.9,DOMAIN_IP,,CAMERA_IP,,TCP,60,418,TCP DOM Duplicate ACK,1804,172985,65535,0,
5.09,CAMERA_IP,,DOMAIN_IP,,TCP,1467,24,TCP PSH Retransmission,168746,1804,33580,1413,
5.3,CAMERA_IP,,DOMAIN_IP,,TCP,1467,16,TCP PSH Retransmission,171572,1804,33580,1413,
10.53,CAMERA_IP,,DOMAIN_IP,,TCP,1467,12,TCP PSH Retransmission,161681,1804,33580,1413,
0.15,CAMERA_IP,,DOMAIN_IP,,TCP,60,24,TCP CAM Duplicate ACK,172985,1804,33580,0,
0.02,CAMERA_IP,,DOMAIN_IP,,TCP,54,24,TCP CAM Duplicate ACK,172985,1804,33580,0,
82.73,CAMERA_IP,,DOMAIN_IP,,TCP,1467,3,TCP CAM PSH ACK,174398,1804,33580,1413,
0.2,CAMERA_IP,,DOMAIN_IP,,TCP,1467,3,TCP CAM PSH ACK,175811,1804,33580,1413,
9.29,CAMERA_IP,,DOMAIN_IP,,TCP,1467,3,TCP CAM PSH ACK,177224,1804,33580,1413,
10.78,CAMERA_IP,,DOMAIN_IP,,TCP,1467,3,TCP CAM PSH ACK,178637,1804,33580,1413,
0.22,CAMERA_IP,,DOMAIN_IP,,TCP,1467,3,TCP CAM PSH ACK,180050,1804,33580,1413,
0.18,CAMERA_IP,,DOMAIN_IP,,TCP,1467,3,TCP CAM PSH ACK,181463,1804,33580,1413,
0.21,CAMERA_IP,,DOMAIN_IP,,TCP,1467,3,TCP CAM PSH ACK,182876,1804,33580,1413,
0.17,CAMERA_IP,,DOMAIN_IP,,TCP,1467,3,TCP CAM PSH ACK,184289,1804,33580,1413,
0.2,CAMERA_IP,,DOMAIN_IP,,TCP,1467,3,TCP CAM PSH ACK,185702,1804,33580,1413,
0.19,CAMERA_IP,,DOMAIN_IP,,TCP,1467,3,TCP CAM PSH ACK,187115,1804,33580,1413,
0.18,CAMERA_IP,,DOMAIN_IP,,TCP,1467,3,TCP CAM PSH ACK,188528,1804,33580,1413,
0.19,CAMERA_IP,,DOMAIN_IP,,TCP,1467,3,TCP CAM PSH ACK,189941,1804,33580,1413,
6.69,DOMAIN_IP,,CAMERA_IP,,TCP,60,1,TCP DOM ACK,1804,177224,65535,0,
0.02,DOMAIN_IP,,CAMERA_IP,,TCP,54,46,TCP DOM Duplicate ACK,1804,177224,65535,0,
0.03,DOMAIN_IP,,CAMERA_IP,,TCP,60,45,TCP DOM Duplicate ACK,1804,177224,65535,0,
2.94,CAMERA_IP,,DOMAIN_IP,,TCP,1467,3,TCP CAM PSH ACK,191354,1804,33580,1413,
0.22,CAMERA_IP,,DOMAIN_IP,,TCP,1467,3,TCP CAM PSH ACK,192767,1804,33580,1413,
0.16,CAMERA_IP,,DOMAIN_IP,,TCP,1467,3,TCP CAM PSH ACK,194180,1804,33580,1413,
0.19,CAMERA_IP,,DOMAIN_IP,,TCP,1467,3,TCP CAM PSH ACK,195593,1804,33580,1413,
0.18,CAMERA_IP,,DOMAIN_IP,,TCP,1467,3,TCP CAM PSH ACK,197006,1804,33580,1413,
1.76,CAMERA_IP,,DOMAIN_IP,,TCP,1467,3,TCP CAM PSH ACK,198419,1804,33580,1413,
5.04,DOMAIN_IP,,CAMERA_IP,,TCP,60,1,TCP DOM ACK,1804,178637,65535,0,
0.03,DOMAIN_IP,,CAMERA_IP,,TCP,54,27,TCP DOM Duplicate ACK,1804,178637,65535,0,
0.05,DOMAIN_IP,,CAMERA_IP,,TCP,60,26,TCP DOM Duplicate ACK,1804,178637,65535,0,
5.15,CAMERA_IP,,DOMAIN_IP,,TCP,1467,3,TCP CAM PSH ACK,199832,1804,33580,1413,
0.19,CAMERA_IP,,DOMAIN_IP,,TCP,1467,3,TCP CAM PSH ACK,201245,1804,33580,1413,
0.19,CAMERA_IP,,DOMAIN_IP,,TCP,1467,3,TCP CAM PSH ACK,202658,1804,33580,1413,
0.19,CAMERA_IP,,DOMAIN_IP,,TCP,1467,3,TCP CAM PSH ACK,204071,1804,33580,1413,
0.18,CAMERA_IP,,DOMAIN_IP,,TCP,1467,3,TCP CAM PSH ACK,205484,1804,33580,1413,
0.19,CAMERA_IP,,DOMAIN_IP,,TCP,1467,3,TCP CAM PSH ACK,206897,1804,33580,1413,
1.08,CAMERA_IP,,DOMAIN_IP,,TCP,1467,8,TCP Out-Of-Order,180050,1804,33580,1413,
0.23,CAMERA_IP,,DOMAIN_IP,,TCP,1467,8,TCP Out-Of-Order,181463,1804,33580,1413,
0.22,CAMERA_IP,,DOMAIN_IP,,TCP,1467,8,TCP Out-Of-Order,182876,1804,33580,1413,
0.23,CAMERA_IP,,DOMAIN_IP,,TCP,1467,8,TCP Out-Of-Order,184289,1804,33580,1413,
0.22,CAMERA_IP,,DOMAIN_IP,,TCP,1467,8,TCP Out-Of-Order,185702,1804,33580,1413,
0.23,CAMERA_IP,,DOMAIN_IP,,TCP,1467,8,TCP Out-Of-Order,187115,1804,33580,1413,
0.23,CAMERA_IP,,DOMAIN_IP,,TCP,1467,8,TCP Out-Of-Order,188528,1804,33580,1413,
0.87,CAMERA_IP,,DOMAIN_IP,,TCP,1467,11,TCP CAM PSH ACK,208310,1804,33580,1413,
0.2,CAMERA_IP,,DOMAIN_IP,,TCP,1467,11,TCP CAM PSH ACK,209723,1804,33580,1413,
0.61,CAMERA_IP,,DOMAIN_IP,,TCP,1467,4,TCP Out-Of-Order,189941,1804,33580,1413,
2.28,DOMAIN_IP,,CAMERA_IP,,TCP,60,1,TCP DOM ACK,1804,187115,65535,0,
0.02,DOMAIN_IP,,CAMERA_IP,,TCP,54,1,TCP DOM Duplicate ACK,1804,187115,65535,0,
0.03,DOMAIN_IP,,CAMERA_IP,,TCP,60,1,TCP DOM ACK,1804,188528,65535,0,
0.02,DOMAIN_IP,,CAMERA_IP,,TCP,54,1,TCP DOM Duplicate ACK,1804,188528,65535,0,
0.03,DOMAIN_IP,,CAMERA_IP,,TCP,60,1,TCP DOM ACK,1804,189941,65535,0,
0.02,DOMAIN_IP,,CAMERA_IP,,TCP,54,1,TCP DOM Duplicate ACK,1804,189941,65535,0,
0.03,DOMAIN_IP,,CAMERA_IP,,TCP,60,1,TCP DOM ACK,1804,191354,65535,0,
0.02,DOMAIN_IP,,CAMERA_IP,,TCP,54,43,TCP DOM Duplicate ACK,1804,191354,65535,0,
0.04,DOMAIN_IP,,CAMERA_IP,,TCP,60,42,TCP DOM Duplicate ACK,1804,191354,65535,0,
0.44,CAMERA_IP,,DOMAIN_IP,,TCP,1467,3,TCP CAM PSH ACK,211136,1804,33580,1413,
3.52,CAMERA_IP,,DOMAIN_IP,,TCP,1467,3,TCP CAM PSH ACK,212549,1804,33580,1413,
0.25,CAMERA_IP,,DOMAIN_IP,,TCP,1467,3,TCP CAM PSH ACK,213962,1804,33580,1413,
0.2,CAMERA_IP,,DOMAIN_IP,,TCP,1467,3,TCP CAM PSH ACK,215375,1804,33580,1413,
2.13,CAMERA_IP,,DOMAIN_IP,,TCP,1467,8,TCP Out-Of-Order,198419,1804,33580,1413,
0.25,CAMERA_IP,,DOMAIN_IP,,TCP,1467,56,TCP PSH Retransmission,177224,1804,33580,1413,
4.39,DOMAIN_IP,,CAMERA_IP,,TCP,60,1,TCP DOM ACK,1804,192767,65535,0,
0.02,DOMAIN_IP,,CAMERA_IP,,TCP,54,1,TCP DOM Duplicate ACK,1804,192767,65535,0,
0.05,DOMAIN_IP,,CAMERA_IP,,TCP,60,1,TCP DOM ACK,1804,194180,65535,0,
0.02,DOMAIN_IP,,CAMERA_IP,,TCP,54,1,TCP DOM Duplicate ACK,1804,194180,65535,0,
0.03,DOMAIN_IP,,CAMERA_IP,,TCP,60,1,TCP DOM ACK,1804,195593,65535,0,
0.02,DOMAIN_IP,,CAMERA_IP,,TCP,54,1,TCP DOM Duplicate ACK,1804,195593,65535,0,
0.03,DOMAIN_IP,,CAMERA_IP,,TCP,60,1,TCP DOM ACK,1804,197006,65535,0,
0.02,DOMAIN_IP,,CAMERA_IP,,TCP,54,1,TCP DOM Duplicate ACK,1804,197006,65535,0,
0.03,DOMAIN_IP,,CAMERA_IP,,TCP,60,1,TCP DOM ACK,1804,198419,65535,0,
0.02,DOMAIN_IP,,CAMERA_IP,,TCP,54,2,TCP DOM Duplicate ACK,1804,198419,65535,0,
0.03,DOMAIN_IP,,CAMERA_IP,,TCP,60,1,TCP DOM Duplicate ACK,1804,198419,65535,0,
3.46,DOMAIN_IP,,CAMERA_IP,,TCP,60,1,TCP DOM ACK,1804,199832,65535,0,
0.02,DOMAIN_IP,,CAMERA_IP,,TCP,54,34,TCP DOM Duplicate ACK,1804,199832,65535,0,
0.03,DOMAIN_IP,,CAMERA_IP,,TCP,60,33,TCP DOM Duplicate ACK,1804,199832,65535,0,
8.03,CAMERA_IP,,DOMAIN_IP,,TCP,1467,120,TCP PSH Retransmission,189941,1804,33580,1413,
1.82,DOMAIN_IP,,CAMERA_IP,,TCP,60,1,TCP DOM ACK,1804,201245,65535,0,
0.02,DOMAIN_IP,,CAMERA_IP,,TCP,54,1,TCP DOM Duplicate ACK,1804,201245,65535,0,
0.03,DOMAIN_IP,,CAMERA_IP,,TCP,60,1,TCP DOM ACK,1804,202658,65535,0,
0.02,DOMAIN_IP,,CAMERA_IP,,TCP,54,1,TCP DOM Duplicate ACK,1804,202658,65535,0,
0.03,DOMAIN_IP,,CAMERA_IP,,TCP,60,1,TCP DOM ACK,1804,204071,65535,0,
0.02,DOMAIN_IP,,CAMERA_IP,,TCP,54,1,TCP DOM Duplicate ACK,1804,204071,65535,0,
0.03,DOMAIN_IP,,CAMERA_IP,,TCP,60,1,TCP DOM ACK,1804,205484,65535,0,
0.01,DOMAIN_IP,,CAMERA_IP,,TCP,54,1,TCP DOM Duplicate ACK,1804,205484,65535,0,
0.03,DOMAIN_IP,,CAMERA_IP,,TCP,60,1,TCP DOM ACK,1804,206897,65535,0,
0.02,DOMAIN_IP,,CAMERA_IP,,TCP,54,1,TCP DOM Duplicate ACK,1804,206897,65535,0,
0.03,DOMAIN_IP,,CAMERA_IP,,TCP,60,1,TCP DOM ACK,1804,208310,65535,0,
0.02,DOMAIN_IP,,CAMERA_IP,,TCP,54,18,TCP DOM Duplicate ACK,1804,208310,65535,0,
0.06,DOMAIN_IP,,CAMERA_IP,,TCP,60,17,TCP DOM Duplicate ACK,1804,208310,65535,0,
0.22,CAMERA_IP,,DOMAIN_IP,,TCP,1467,3,TCP CAM PSH ACK,216788,1804,33580,1413,
0.19,CAMERA_IP,,DOMAIN_IP,,TCP,1467,3,TCP CAM PSH ACK,218201,1804,33580,1413,
0.19,CAMERA_IP,,DOMAIN_IP,,TCP,1467,3,TCP CAM PSH ACK,219614,1804,33580,1413,
0.18,CAMERA_IP,,DOMAIN_IP,,TCP,1467,3,TCP CAM PSH ACK,221027,1804,33580,1413,
0.19,CAMERA_IP,,DOMAIN_IP,,TCP,1467,3,TCP CAM PSH ACK,222440,1804,33580,1413,
0.19,CAMERA_IP,,DOMAIN_IP,,TCP,1467,3,TCP CAM PSH ACK,223853,1804,33580,1413,
0.18,CAMERA_IP,,DOMAIN_IP,,TCP,1467,3,TCP CAM PSH ACK,225266,1804,33580,1413,
3.94,CAMERA_IP,,DOMAIN_IP,,TCP,1467,8,TCP Out-Of-Order,212549,1804,33580,1413,
0.47,DOMAIN_IP,,CAMERA_IP,,TCP,60,1,TCP DOM ACK,1804,209723,65535,0,
0.02,DOMAIN_IP,,CAMERA_IP,,TCP,54,1,TCP DOM Duplicate ACK,1804,209723,65535,0,
0.03,DOMAIN_IP,,CAMERA_IP,,TCP,60,1,TCP DOM ACK,1804,211136,65535,0,
0.02,DOMAIN_IP,,CAMERA_IP,,TCP,54,11,TCP DOM Duplicate ACK,1804,211136,65535,0,
0.03,DOMAIN_IP,,CAMERA_IP,,TCP,60,10,TCP DOM Duplicate ACK,1804,211136,65535,0,
1.17,CAMERA_IP,,DOMAIN_IP,,TCP,1467,104,TCP PSH Retransmission,191354,1804,33580,1413,
0.25,CAMERA_IP,,DOMAIN_IP,,TCP,1467,1200,TCP PSH Retransmission,198419,1804,33580,1413,
1.14,DOMAIN_IP,,CAMERA_IP,,TCP,60,1,TCP DOM ACK,1804,212549,65535,0,
0.03,DOMAIN_IP,,CAMERA_IP,,TCP,54,17,TCP DOM Duplicate ACK,1804,212549,65535,0,
0.04,DOMAIN_IP,,CAMERA_IP,,TCP,60,16,TCP DOM Duplicate ACK,1804,212549,65535,0,
3.45,DOMAIN_IP,,CAMERA_IP,,TCP,60,1,TCP DOM ACK,1804,213962,65535,0,
0.03,DOMAIN_IP,,CAMERA_IP,,TCP,54,1,TCP DOM Duplicate ACK,1804,213962,65535,0,
0.05,DOMAIN_IP,,CAMERA_IP,,TCP,60,1,TCP DOM ACK,1804,215375,65535,0,
0.02,DOMAIN_IP,,CAMERA_IP,,TCP,54,1,TCP DOM Duplicate ACK,1804,215375,65535,0,
0.03,DOMAIN_IP,,CAMERA_IP,,TCP,60,1,TCP DOM ACK,1804,216788,65535,0,
0.02,DOMAIN_IP,,CAMERA_IP,,TCP,54,52,TCP DOM Duplicate ACK,1804,216788,65535,0,
3.89,DOMAIN_IP,,CAMERA_IP,,TCP,60,51,TCP DOM Duplicate ACK,1804,216788,65535,0,
0.9,CAMERA_IP,,DOMAIN_IP,,TCP,1467,64,TCP PSH Retransmission,199832,1804,33580,1413,
1.63,CAMERA_IP,,DOMAIN_IP,,TCP,1467,984,TCP PSH Retransmission,208310,1804,33580,1413,
2.51,CAMERA_IP,,DOMAIN_IP,,TCP,1467,156,TCP PSH Retransmission,209723,1804,33580,1413,
4.5,DOMAIN_IP,,CAMERA_IP,,TCP,60,1,TCP DOM ACK,1804,221027,65535,0,
0.02,DOMAIN_IP,,CAMERA_IP,,TCP,54,1,TCP DOM Duplicate ACK,1804,221027,65535,0,
0.31,CAMERA_IP,,DOMAIN_IP,,TCP,1467,36,TCP PSH Retransmission,212549,1804,33580,1413,
1.6,DOMAIN_IP,,CAMERA_IP,,TCP,60,1,TCP DOM ACK,1804,222440,65535,0,
0.03,DOMAIN_IP,,CAMERA_IP,,TCP,54,1,TCP DOM Duplicate ACK,1804,222440,65535,0,
0.03,DOMAIN_IP,,CAMERA_IP,,TCP,60,1,TCP DOM ACK,1804,223853,65535,0,
0.02,DOMAIN_IP,,CAMERA_IP,,TCP,54,1,TCP DOM Duplicate ACK,1804,223853,65535,0,
0.03,DOMAIN_IP,,CAMERA_IP,,TCP,60,1,TCP DOM ACK,1804,225266,65535,0,
0.02,DOMAIN_IP,,CAMERA_IP,,TCP,54,1,TCP DOM Duplicate ACK,1804,225266,65535,0,
0.03,DOMAIN_IP,,CAMERA_IP,,TCP,60,1,TCP DOM ACK,1804,226679,65535,0,
0.02,DOMAIN_IP,,CAMERA_IP,,TCP,54,650,TCP DOM Duplicate ACK,1804,226679,65535,0,
0.03,DOMAIN_IP,,CAMERA_IP,,TCP,60,649,TCP DOM Duplicate ACK,1804,226679,65535,0,
160.76,CAMERA_IP,,DOMAIN_IP,,TCP,1467,11,TCP CAM PSH ACK,228092,1804,33580,1413,
0.21,CAMERA_IP,,DOMAIN_IP,,TCP,1467,11,TCP CAM PSH ACK,229505,1804,33580,1413,
0.25,CAMERA_IP,,DOMAIN_IP,,TCP,1467,11,TCP CAM PSH ACK,230918,1804,33580,1413,
0.09,CAMERA_IP,,DOMAIN_IP,,TCP,1467,11,TCP CAM PSH ACK,232331,1804,33580,1413,
0.24,CAMERA_IP,,DOMAIN_IP,,TCP,1467,11,TCP CAM PSH ACK,233744,1804,33580,1413,
0.2,CAMERA_IP,,DOMAIN_IP,,TCP,1467,11,TCP CAM PSH ACK,235157,1804,33580,1413,
0.2,CAMERA_IP,,DOMAIN_IP,,TCP,1467,11,TCP CAM PSH ACK,236570,1804,33580,1413,
26.25,DOMAIN_IP,,CAMERA_IP,,TCP,60,1,TCP DOM ACK,1804,233744,65535,0,
0.02,DOMAIN_IP,,CAMERA_IP,,TCP,54,1,TCP DOM Duplicate ACK,1804,233744,65535,0,
0.03,DOMAIN_IP,,CAMERA_IP,,TCP,60,1,TCP DOM ACK,1804,235157,65535,0,
0.02,DOMAIN_IP,,CAMERA_IP,,TCP,54,1,TCP DOM Duplicate ACK,1804,235157,65535,0,
0.03,DOMAIN_IP,,CAMERA_IP,,TCP,60,1,TCP DOM ACK,1804,236570,65535,0,
0.02,DOMAIN_IP,,CAMERA_IP,,TCP,54,1,TCP DOM Duplicate ACK,1804,236570,65535,0,
0.02,DOMAIN_IP,,CAMERA_IP,,TCP,60,1,TCP DOM ACK,1804,237983,65535,0,
0.01,DOMAIN_IP,,CAMERA_IP,,TCP,54,223,TCP DOM Duplicate ACK,1804,237983,65535,0,
0.03,DOMAIN_IP,,CAMERA_IP,,TCP,60,222,TCP DOM Duplicate ACK,1804,237983,65535,0,
22.02,CAMERA_IP,,DOMAIN_IP,,TCP,1467,4,TCP PSH Retransmission,172985,1804,33580,1413,
1.99,CAMERA_IP,,DOMAIN_IP,,TCP,1467,12,TCP PSH Retransmission,236570,1804,33580,1413,
903.14,CAMERA_IP,,DOMAIN_IP,,TLSv1.2,1467,3,TLS Uncaptured,,,,,
0.03,CAMERA_IP,,DOMAIN_IP,,TCP,1467,98,TCP CAM PSH ACK,293090,1804,33580,1413,
2.85,DOMAIN_IP,,CAMERA_IP,,TCP,60,1,TCP unseen segment,1804,302981,65535,0,
0.02,DOMAIN_IP,,CAMERA_IP,,TCP,54,15,TCP DOM Duplicate ACK,1804,302981,65535,0,
0.05,DOMAIN_IP,,CAMERA_IP,,TCP,60,14,TCP DOM Duplicate ACK,1804,302981,65535,0,
1.28,CAMERA_IP,,DOMAIN_IP,,TCP,1467,4852,TCP PSH Retransmission,293090,1804,33580,1413,
2.09,DOMAIN_IP,,CAMERA_IP,,TCP,60,1,TCP unseen segment,1804,304394,65535,0,
0.01,DOMAIN_IP,,CAMERA_IP,,TCP,54,1,TCP DOM Duplicate ACK,1804,304394,65535,0,
0.03,DOMAIN_IP,,CAMERA_IP,,TCP,60,1,TCP unseen segment,1804,305807,65535,0,
0.01,DOMAIN_IP,,CAMERA_IP,,TCP,54,1,TCP DOM Duplicate ACK,1804,305807,65535,0,
0.03,DOMAIN_IP,,CAMERA_IP,,TCP,60,1,TCP unseen segment,1804,307220,65535,0,
0.01,DOMAIN_IP,,CAMERA_IP,,TCP,54,3,TCP DOM Duplicate ACK,1804,307220,65535,0,
0.03,DOMAIN_IP,,CAMERA_IP,,TCP,60,3,TCP DOM Duplicate ACK,1804,307220,65535,0,
1.06,CAMERA_IP,,DOMAIN_IP,,TCP,1467,7,TCP CAM PSH ACK,308633,1804,33580,1413,
1.18,DOMAIN_IP,,CAMERA_IP,,TCP,54,5,TCP DOM Duplicate ACK,1804,307220,65535,0,
0.05,DOMAIN_IP,,CAMERA_IP,,TCP,60,4,TCP DOM Duplicate ACK,1804,307220,65535,0,
1.0,CAMERA_IP,,DOMAIN_IP,,TCP,1467,60,TCP PSH Retransmission,297329,1804,33580,1413,
0.25,CAMERA_IP,,DOMAIN_IP,,TCP,1467,2353,TCP PSH Retransmission,291677,1804,33580,1413,
0.97,DOMAIN_IP,,CAMERA_IP,,TCP,60,1,TCP DOM ACK,1804,310046,65535,0,
0.02,DOMAIN_IP,,CAMERA_IP,,TCP,54,11,TCP DOM Duplicate ACK,1804,310046,65535,0,
0.04,DOMAIN_IP,,CAMERA_IP,,TCP,60,10,TCP DOM Duplicate ACK,1804,310046,65535,0,
5.38,CAMERA_IP,,DOMAIN_IP,,TCP,1467,7,TCP CAM PSH ACK,312872,1804,33580,1413,
0.22,CAMERA_IP,,DOMAIN_IP,,TCP,1467,8,TCP PSH Retransmission,249287,1804,33580,1413,
1.14,DOMAIN_IP,,CAMERA_IP,,TCP,60,1,TCP unseen segment,1804,312872,65535,0,
0.03,DOMAIN_IP,,CAMERA_IP,,TCP,54,22,TCP DOM Duplicate ACK,1804,312872,65535,0,
0.03,DOMAIN_IP,,CAMERA_IP,,TCP,60,21,TCP DOM Duplicate ACK,1804,312872,65535,0,
6.6,DOMAIN_IP,,CAMERA_IP,,TCP,60,1,TCP DOM ACK,1804,314285,65535,0,
0.02,DOMAIN_IP,,CAMERA_IP,,TCP,54,436,TCP DOM Duplicate ACK,1804,314285,65535,0,
0.03,DOMAIN_IP,,CAMERA_IP,,TCP,60,435,TCP DOM Duplicate ACK,1804,314285,65535,0,
5.42,CAMERA_IP,,DOMAIN_IP,,TCP,1467,16,TCP PSH Retransmission,307220,1804,33580,1413,
0.4,CAMERA_IP,,DOMAIN_IP,,TCP,1467,16,TCP PSH Retransmission,308633,1804,33580,1413,
124.64,CAMERA_IP,,DOMAIN_IP,,TCP,1467,11,TCP CAM PSH ACK,315698,1804,33580,1413,
0.18,CAMERA_IP,,DOMAIN_IP,,TCP,1467,11,TCP CAM PSH ACK,317111,1804,33580,1413,
0.2,CAMERA_IP,,DOMAIN_IP,,TCP,1467,11,TCP CAM PSH ACK,318524,1804,33580,1413,
0.19,CAMERA_IP,,DOMAIN_IP,,TCP,1467,11,TCP CAM PSH ACK,319937,1804,33580,1413,
37.52,DOMAIN_IP,,CAMERA_IP,,TCP,60,1,TCP DOM ACK,1804,315698,65535,0,
0.02,DOMAIN_IP,,CAMERA_IP,,TCP,54,1,TCP DOM Duplicate ACK,1804,315698,65535,0,
0.03,DOMAIN_IP,,CAMERA_IP,,TCP,60,1,TCP DOM ACK,1804,321350,65535,0,
0.02,DOMAIN_IP,,CAMERA_IP,,TCP,54,281,TCP DOM Duplicate ACK,1804,321350,65535,0,
0.03,DOMAIN_IP,,CAMERA_IP,,TCP,60,280,TCP DOM Duplicate ACK,1804,321350,65535,0,
0.35,CAMERA_IP,,DOMAIN_IP,,TCP,60,56,TCP CAM Duplicate ACK,321350,1804,33580,0,
0.02,CAMERA_IP,,DOMAIN_IP,,TCP,54,56,TCP CAM Duplicate ACK,321350,1804,33580,0,
58.14,CAMERA_IP,,DOMAIN_IP,,TCP,1467,3,TCP CAM PSH ACK,322763,1804,33580,1413,
3.84,CAMERA_IP,,DOMAIN_IP,,TCP,1467,3,TCP CAM PSH ACK,324176,1804,33580,1413,
0.19,CAMERA_IP,,DOMAIN_IP,,TCP,1467,3,TCP CAM PSH ACK,325589,1804,33580,1413,
2.08,CAMERA_IP,,DOMAIN_IP,,TCP,1467,3,TCP CAM PSH ACK,327002,1804,33580,1413,
3.17,CAMERA_IP,,DOMAIN_IP,,TCP,1467,3,TCP CAM PSH ACK,328415,1804,33580,1413,
3.39,CAMERA_IP,,DOMAIN_IP,,TCP,1467,3,TCP CAM PSH ACK,329828,1804,33580,1413,
0.2,CAMERA_IP,,DOMAIN_IP,,TCP,1467,3,TCP CAM PSH ACK,331241,1804,33580,1413,
2.45,CAMERA_IP,,DOMAIN_IP,,TCP,60,22660,TCP CAM ACK,321350,1804,33580,0,
0.02,CAMERA_IP,,DOMAIN_IP,,TCP,54,22536,TCP CAM ACK,321350,1804,33580,0,
1.12,CAMERA_IP,,DOMAIN_IP,,TCP,1467,3,TCP CAM PSH ACK,332654,1804,33580,1413,
0.2,CAMERA_IP,,DOMAIN_IP,,TCP,1467,3,TCP CAM PSH ACK,334067,1804,33580,1413,
3.36,CAMERA_IP,,DOMAIN_IP,,TCP,1467,3,TCP CAM PSH ACK,335480,1804,33580,1413,
0.19,CAMERA_IP,,DOMAIN_IP,,TCP,1467,3,TCP CAM PSH ACK,336893,1804,33580,1413,
2.69,CAMERA_IP,,DOMAIN_IP,,TCP,1467,3,TCP CAM PSH ACK,338306,1804,33580,1413,
1.42,CAMERA_IP,,DOMAIN_IP,,TCP,1467,8,TCP Out-Of-Order,322763,1804,33580,1413,
1.28,CAMERA_IP,,DOMAIN_IP,,TCP,1467,11,TCP CAM PSH ACK,339719,1804,33580,1413,
4.37,CAMERA_IP,,DOMAIN_IP,,TCP,1467,3,TCP CAM PSH ACK,341132,1804,33580,1413,
0.22,CAMERA_IP,,DOMAIN_IP,,TCP,1467,3,TCP CAM PSH ACK,342545,1804,33580,1413,
2.1,CAMERA_IP,,DOMAIN_IP,,TCP,1467,8,TCP Out-Of-Order,327002,1804,33580,1413,
1.46,DOMAIN_IP,,CAMERA_IP,,TCP,60,1,TCP DOM ACK,1804,324176,65535,0,
0.02,DOMAIN_IP,,CAMERA_IP,,TCP,54,11,TCP DOM Duplicate ACK,1804,324176,65535,0,
0.03,DOMAIN_IP,,CAMERA_IP,,TCP,60,10,TCP DOM Duplicate ACK,1804,324176,65535,0,
0.72,CAMERA_IP,,DOMAIN_IP,,TCP,1467,3,TCP CAM PSH ACK,343958,1804,33580,1413,
0.19,CAMERA_IP,,DOMAIN_IP,,TCP,1467,3,TCP CAM PSH ACK,345371,1804,33580,1413,
2.96,DOMAIN_IP,,CAMERA_IP,,TCP,60,1,TCP DOM ACK,1804,325589,65535,0,
0.04,DOMAIN_IP,,CAMERA_IP,,TCP,54,1,TCP DOM Duplicate ACK,1804,325589,65535,0,
0.03,DOMAIN_IP,,CAMERA_IP,,TCP,60,1,TCP DOM ACK,1804,327002,65535,0,
0.02,DOMAIN_IP,,CAMERA_IP,,TCP,54,2,TCP DOM Duplicate ACK,1804,327002,65535,0,
0.08,DOMAIN_IP,,CAMERA_IP,,TCP,60,1,TCP DOM Duplicate ACK,1804,327002,65535,0,
0.27,CAMERA_IP,,DOMAIN_IP,,TCP,1467,3,TCP CAM PSH ACK,346784,1804,33580,1413,
0.19,CAMERA_IP,,DOMAIN_IP,,TCP,1467,3,TCP CAM PSH ACK,348197,1804,33580,1413,
0.16,CAMERA_IP,,DOMAIN_IP,,TCP,1467,4,TCP PSH Retransmission,302981,1804,33580,1413,
0.14,CAMERA_IP,,DOMAIN_IP,,TCP,60,2,TCP CAM Duplicate ACK,349610,1804,33580,0,
0.03,CAMERA_IP,,DOMAIN_IP,,TCP,54,2,TCP CAM Duplicate ACK,349610,1804,33580,0,
0.71,CAMERA_IP,,DOMAIN_IP,,TCP,1467,4,TCP Out-Of-Order,328415,1804,33580,1413,
0.16,CAMERA_IP,,DOMAIN_IP,,TCP,1467,8,TCP Out-Of-Order,329828,1804,33580,1413,
0.24,CAMERA_IP,,DOMAIN_IP,,TCP,1467,8,TCP Out-Of-Order,331241,1804,33580,1413,
2.09,DOMAIN_IP,,CAMERA_IP,,TCP,60,1,TCP DOM ACK,1804,328415,65535,0,
0.02,DOMAIN_IP,,CAMERA_IP,,TCP,54,4,TCP DOM Duplicate ACK,1804,328415,65535,0,
0.05,DOMAIN_IP,,CAMERA_IP,,TCP,60,3,TCP DOM Duplicate ACK,1804,328415,65535,0,
0.13,DOMAIN_IP,,CAMERA_IP,,TCP,60,1,TCP DOM ACK,1804,329828,65535,0,
0.01,DOMAIN_IP,,CAMERA_IP,,TCP,54,17,TCP DOM Duplicate ACK,1804,329828,65535,0,
0.03,DOMAIN_IP,,CAMERA_IP,,TCP,60,16,TCP DOM Duplicate ACK,1804,329828,65535,0,
5.31,CAMERA_IP,,DOMAIN_IP,,TCP,1467,8,TCP Out-Of-Order,335480,1804,33580,1413,
0.4,DOMAIN_IP,,CAMERA_IP,,TCP,60,1,TCP DOM ACK,1804,331241,65535,0,
0.02,DOMAIN_IP,,CAMERA_IP,,TCP,54,1,TCP DOM Duplicate ACK,1804,331241,65535,0,
0.03,DOMAIN_IP,,CAMERA_IP,,TCP,60,1,TCP DOM ACK,1804,332654,65535,0,
0.02,DOMAIN_IP,,CAMERA_IP,,TCP,54,3,TCP DOM Duplicate ACK,1804,332654,65535,0,
0.03,DOMAIN_IP,,CAMERA_IP,,TCP,60,2,TCP DOM Duplicate ACK,1804,332654,65535,0,
1.42,CAMERA_IP,,DOMAIN_IP,,TCP,1467,8,TCP Out-Of-Order,338306,1804,33580,1413,
0.95,CAMERA_IP,,DOMAIN_IP,,TCP,1467,28,TCP PSH Retransmission,321350,1804,33580,1413,
0.46,CAMERA_IP,,DOMAIN_IP,,TCP,1467,16,TCP PSH Retransmission,322763,1804,33580,1413,
0.92,DOMAIN_IP,,CAMERA_IP,,TCP,60,1,TCP DOM ACK,1804,334067,65535,0,
0.02,DOMAIN_IP,,CAMERA_IP,,TCP,54,1,TCP DOM Duplicate ACK,1804,334067,65535,0,
0.04,DOMAIN_IP,,CAMERA_IP,,TCP,60,1,TCP DOM ACK,1804,335480,65535,0,
0.01,DOMAIN_IP,,CAMERA_IP,,TCP,54,1,TCP DOM Duplicate ACK,1804,335480,65535,0,
0.03,DOMAIN_IP,,CAMERA_IP,,TCP,60,1,TCP DOM ACK,1804,336893,65535,0,
0.01,DOMAIN_IP,,CAMERA_IP,,TCP,54,1,TCP DOM Duplicate ACK,1804,336893,65535,0,
0.03,DOMAIN_IP,,CAMERA_IP,,TCP,60,1,TCP DOM ACK,1804,338306,65535,0,
0.01,DOMAIN_IP,,CAMERA_IP,,TCP,54,2,TCP DOM Duplicate ACK,1804,338306,65535,0,
4.47,DOMAIN_IP,,CAMERA_IP,,TCP,60,1,TCP DOM Duplicate ACK,1804,338306,65535,0,
0.07,DOMAIN_IP,,CAMERA_IP,,TCP,60,1,TCP DOM ACK,1804,339719,65535,0,
0.01,DOMAIN_IP,,CAMERA_IP,,TCP,54,12,TCP DOM Duplicate ACK,1804,339719,65535,0,
0.21,CAMERA_IP,,DOMAIN_IP,,TCP,1467,3,TCP CAM PSH ACK,349610,1804,33580,1413,
0.19,CAMERA_IP,,DOMAIN_IP,,TCP,1467,3,TCP CAM PSH ACK,351023,1804,33580,1413,
0.19,CAMERA_IP,,DOMAIN_IP,,TCP,1467,3,TCP CAM PSH ACK,352436,1804,33580,1413,
0.19,CAMERA_IP,,DOMAIN_IP,,TCP,1467,3,TCP CAM PSH ACK,353849,1804,33580,1413,
3.44,DOMAIN_IP,,CAMERA_IP,,TCP,60,11,TCP DOM Duplicate ACK,1804,339719,65535,0,
0.59,CAMERA_IP,,DOMAIN_IP,,TCP,1467,11,TCP CAM PSH ACK,355262,1804,33580,1413,
0.2,CAMERA_IP,,DOMAIN_IP,,TCP,1467,11,TCP CAM PSH ACK,356675,1804,33580,1413,
0.18,CAMERA_IP,,DOMAIN_IP,,TCP,1467,11,TCP CAM PSH ACK,358088,1804,33580,1413,
0.19,CAMERA_IP,,DOMAIN_IP,,TCP,1467,11,TCP CAM PSH ACK,359501,1804,33580,1413,
0.92,CAMERA_IP,,DOMAIN_IP,,TCP,1467,8,TCP Out-Of-Order,343958,1804,33580,1413,
0.26,CAMERA_IP,,DOMAIN_IP,,TCP,1467,8,TCP Out-Of-Order,345371,1804,33580,1413,
2.55,DOMAIN_IP,,CAMERA_IP,,TCP,60,1,TCP DOM ACK,1804,341132,65535,0,
0.02,DOMAIN_IP,,CAMERA_IP,,TCP,54,1,TCP DOM Duplicate ACK,1804,341132,65535,0,
0.03,DOMAIN_IP,,CAMERA_IP,,TCP,60,1,TCP DOM ACK,1804,343958,65535,0,
0.02,DOMAIN_IP,,CAMERA_IP,,TCP,54,12,TCP DOM Duplicate ACK,1804,343958,65535,0,
0.2,CAMERA_IP,,DOMAIN_IP,,TCP,1467,3,TCP CAM PSH ACK,360914,1804,33580,1413,
0.18,CAMERA_IP,,DOMAIN_IP,,TCP,1467,3,TCP CAM PSH ACK,362327,1804,33580,1413,
0.18,CAMERA_IP,,DOMAIN_IP,,TCP,1467,3,TCP CAM PSH ACK,363740,1804,33580,1413,
0.18,CAMERA_IP,,DOMAIN_IP,,TCP,1467,3,TCP CAM PSH ACK,365153,1804,33580,1413,
0.19,CAMERA_IP,,DOMAIN_IP,,TCP,1467,3,TCP CAM PSH ACK,366566,1804,33580,1413,
3.14,DOMAIN_IP,,CAMERA_IP,,TCP,60,11,TCP DOM Duplicate ACK,1804,343958,65535,0,
1.12,CAMERA_IP,,DOMAIN_IP,,TCP,1467,4,TCP Out-Of-Order,346784,1804,33580,1413,
0.09,CAMERA_IP,,DOMAIN_IP,,TCP,60,2582,TCP CAM ACK,349610,1804,33580,0,
0.04,CAMERA_IP,,DOMAIN_IP,,TCP,54,2582,TCP CAM ACK,349610,1804,33580,0,
2.2,DOMAIN_IP,,CAMERA_IP,,TCP,60,1,TCP DOM ACK,1804,345371,65535,0,
0.02,DOMAIN_IP,,CAMERA_IP,,TCP,54,1,TCP DOM Duplicate ACK,1804,345371,65535,0,
0.05,DOMAIN_IP,,CAMERA_IP,,TCP,60,1,TCP DOM ACK,1804,346784,65535,0,
0.02,DOMAIN_IP,,CAMERA_IP,,TCP,54,3,TCP DOM Duplicate ACK,1804,346784,65535,0,
0.04,DOMAIN_IP,,CAMERA_IP,,TCP,60,2,TCP DOM Duplicate ACK,1804,346784,65535,0,
0.09,DOMAIN_IP,,CAMERA_IP,,TCP,60,1,TCP DOM ACK,1804,348197,65535,0,
0.01,DOMAIN_IP,,CAMERA_IP,,TCP,54,1,TCP DOM Duplicate ACK,1804,348197,65535,0,
0.03,DOMAIN_IP,,CAMERA_IP,,TCP,60,1,TCP DOM ACK,1804,349610,65535,0,
0.01,DOMAIN_IP,,CAMERA_IP,,TCP,54,53,TCP DOM Duplicate ACK,1804,349610,65535,0,
0.03,DOMAIN_IP,,CAMERA_IP,,TCP,60,52,TCP DOM Duplicate ACK,1804,349610,65535,0,
6.76,CAMERA_IP,,DOMAIN_IP,,TCP,1467,12,TCP PSH Retransmission,335480,1804,33580,1413,
1.64,CAMERA_IP,,DOMAIN_IP,,TCP,1467,48,TCP PSH Retransmission,339719,1804,33580,1413,
6.92,CAMERA_IP,,DOMAIN_IP,,TCP,1467,1240,TCP PSH Retransmission,343958,1804,33580,1413,
0.62,DOMAIN_IP,,CAMERA_IP,,TCP,60,1,TCP DOM ACK,1804,353849,65535,0,
0.01,DOMAIN_IP,,CAMERA_IP,,TCP,54,1,TCP DOM Duplicate ACK,1804,353849,65535,0,
0.04,DOMAIN_IP,,CAMERA_IP,,TCP,60,1,TCP DOM ACK,1804,355262,65535,0,
0.02,DOMAIN_IP,,CAMERA_IP,,TCP,54,25,TCP DOM Duplicate ACK,1804,355262,65535,0,
0.03,DOMAIN_IP,,CAMERA_IP,,TCP,60,24,TCP DOM Duplicate ACK,1804,355262,65535,0,
1.16,CAMERA_IP,,DOMAIN_IP,,TCP,1467,16,TCP PSH Retransmission,345371,1804,33580,1413,
3.7,CAMERA_IP,,DOMAIN_IP,,TCP,1467,56,TCP PSH Retransmission,346784,1804,33580,1413,
2.02,DOMAIN_IP,,CAMERA_IP,,TCP,60,1,TCP DOM ACK,1804,356675,65535,0,
0.01,DOMAIN_IP,,CAMERA_IP,,TCP,54,1,TCP DOM Duplicate ACK,1804,356675,65535,0,
0.03,DOMAIN_IP,,CAMERA_IP,,TCP,60,1,TCP DOM ACK,1804,365153,65535,0,
0.01,DOMAIN_IP,,CAMERA_IP,,TCP,54,1,TCP DOM Duplicate ACK,1804,365153,65535,0,
0.03,DOMAIN_IP,,CAMERA_IP,,TCP,60,1,TCP DOM ACK,1804,366566,65535,0,
0.01,DOMAIN_IP,,CAMERA_IP,,TCP,54,1,TCP DOM Duplicate ACK,1804,366566,65535,0,
0.03,DOMAIN_IP,,CAMERA_IP,,TCP,60,1,TCP DOM ACK,1804,367979,65535,0,
0.01,DOMAIN_IP,,CAMERA_IP,,TCP,54,442,TCP DOM Duplicate ACK,1804,367979,65535,0,
0.03,DOMAIN_IP,,CAMERA_IP,,TCP,60,441,TCP DOM Duplicate ACK,1804,367979,65535,0,
14.17,CAMERA_IP,,DOMAIN_IP,,TCP,1467,16,TCP PSH Retransmission,355262,1804,33580,1413,
0.46,CAMERA_IP,,DOMAIN_IP,,TCP,1467,16,TCP PSH Retransmission,356675,1804,33580,1413,
0.46,CAMERA_IP,,DOMAIN_IP,,TCP,1467,16,TCP PSH Retransmission,358088,1804,33580,1413,
0.46,CAMERA_IP,,DOMAIN_IP,,TCP,1467,40,TCP PSH Retransmission,359501,1804,33580,1413,
239.8,CAMERA_IP,,DOMAIN_IP,,TCP,1467,3,TCP CAM PSH ACK,369392,1804,33580,1413,
0.18,CAMERA_IP,,DOMAIN_IP,,TCP,1467,3,TCP CAM PSH ACK,370805,1804,33580,1413,
8.44,CAMERA_IP,,DOMAIN_IP,,TCP,1467,3,TCP CAM PSH ACK,372218,1804,33580,1413,
0.18,CAMERA_IP,,DOMAIN_IP,,TCP,1467,3,TCP CAM PSH ACK,373631,1804,33580,1413,
21.72,CAMERA_IP,,DOMAIN_IP,,TCP,1467,3,TCP CAM PSH ACK,375044,1804,33580,1413,
0.19,CAMERA_IP,,DOMAIN_IP,,TCP,1467,3,TCP CAM PSH ACK,376457,1804,33580,1413,
0.18,CAMERA_IP,,DOMAIN_IP,,TCP,1467,3,TCP CAM PSH ACK,377870,1804,33580,1413,
3.66,DOMAIN_IP,,CAMERA_IP,,TCP,60,1,TCP DOM ACK,1804,369392,65535,0,
0.07,DOMAIN_IP,,CAMERA_IP,,TCP,54,1,TCP DOM Duplicate ACK,1804,369392,65535,0,
3.51,DOMAIN_IP,,CAMERA_IP,,TCP,60,1,TCP DOM ACK,1804,370805,65535,0,
0.02,DOMAIN_IP,,CAMERA_IP,,TCP,54,1,TCP DOM Duplicate ACK,1804,370805,65535,0,
0.12,DOMAIN_IP,,CAMERA_IP,,TCP,60,1,TCP DOM ACK,1804,372218,65535,0,
0.02,DOMAIN_IP,,CAMERA_IP,,TCP,54,1,TCP DOM Duplicate ACK,1804,372218,65535,0,
0.61,CAMERA_IP,,DOMAIN_IP,,TCP,1467,4,TCP Out-Of-Order,372218,1804,33580,1413,
3.3,DOMAIN_IP,,CAMERA_IP,,TCP,60,1,TCP DOM ACK,1804,375044,65535,0,
0.02,DOMAIN_IP,,CAMERA_IP,,TCP,54,29,TCP DOM Duplicate ACK,1804,375044,65535,0,
2.22,DOMAIN_IP,,CAMERA_IP,,TCP,60,28,TCP DOM Duplicate ACK,1804,375044,65535,0,
17.47,DOMAIN_IP,,CAMERA_IP,,TCP,60,1,TCP DOM ACK,1804,377870,65535,0,
0.02,DOMAIN_IP,,CAMERA_IP,,TCP,54,1,TCP DOM Duplicate ACK,1804,377870,65535,0,
0.04,DOMAIN_IP,,CAMERA_IP,,TCP,60,1,TCP DOM ACK,1804,379283,65535,0,
0.02,DOMAIN_IP,,CAMERA_IP,,TCP,54,68,TCP DOM Duplicate ACK,1804,379283,65535,0,
7.17,DOMAIN_IP,,CAMERA_IP,,TCP,60,67,TCP DOM Duplicate ACK,1804,379283,65535,0,
17.53,CAMERA_IP,,DOMAIN_IP,,TCP,1467,164,TCP PSH Retransmission,375044,1804,33580,1413,
4.02,CAMERA_IP,,DOMAIN_IP,,TCP,1467,4,TCP PSH Retransmission,314285,1804,33580,1413,
0.14,CAMERA_IP,,DOMAIN_IP,,TCP,60,16,TCP CAM Duplicate ACK,379283,1804,33580,0,
0.02,CAMERA_IP,,DOMAIN_IP,,TCP,54,16,TCP CAM Duplicate ACK,379283,1804,33580,0,
228.21,CAMERA_IP,,DOMAIN_IP,,TCP,1467,3,TCP CAM PSH ACK,379283,1804,33580,1413,
0.12,CAMERA_IP,,DOMAIN_IP,,TCP,1467,3,TCP CAM PSH ACK,380696,1804,33580,1413,
8.92,CAMERA_IP,,DOMAIN_IP,,TCP,60,4,TCP CAM ACK,379283,1804,33580,0,
0.08,CAMERA_IP,,DOMAIN_IP,,TCP,54,4,TCP CAM ACK,379283,1804,33580,0,
3.05,CAMERA_IP,,DOMAIN_IP,,TCP,1467,11,TCP CAM PSH ACK,382109,1804,33580,1413,
0.14,CAMERA_IP,,DOMAIN_IP,,TCP,1467,3,TCP CAM PSH ACK,383522,1804,33580,1413,
0.18,CAMERA_IP,,DOMAIN_IP,,TCP,1467,3,TCP CAM PSH ACK,384935,1804,33580,1413,
34.03,DOMAIN_IP,,CAMERA_IP,,TCP,60,1,TCP DOM ACK,1804,382109,65535,0,
0.02,DOMAIN_IP,,CAMERA_IP,,TCP,54,2,TCP DOM Duplicate ACK,1804,382109,65535,0,
0.05,DOMAIN_IP,,CAMERA_IP,,TCP,60,1,TCP DOM Duplicate ACK,1804,382109,65535,0,
0.05,DOMAIN_IP,,CAMERA_IP,,TCP,60,1,TCP DOM ACK,1804,384935,65535,0,
0.02,DOMAIN_IP,,CAMERA_IP,,TCP,54,1,TCP DOM Duplicate ACK,1804,384935,65535,0,
0.02,DOMAIN_IP,,CAMERA_IP,,TCP,60,1,TCP DOM ACK,1804,386348,65535,0,
0.01,DOMAIN_IP,,CAMERA_IP,,TCP,54,3,TCP DOM Duplicate ACK,1804,386348,65535,0,
30.41,DOMAIN_IP,,CAMERA_IP,,TCP,60,2,TCP DOM Duplicate ACK,1804,386348,65535,0,
104.3,CAMERA_IP,,DOMAIN_IP,,TCP,1467,3,TCP CAM PSH ACK,386348,1804,33580,1413,
0.18,CAMERA_IP,,DOMAIN_IP,,TCP,1467,3,TCP CAM PSH ACK,387761,1804,33580,1413,
18.73,CAMERA_IP,,DOMAIN_IP,,TCP,1467,3,TCP CAM PSH ACK,389174,1804,33580,1413,
0.31,CAMERA_IP,,DOMAIN_IP,,TCP,1467,3,TCP CAM PSH ACK,390587,1804,33580,1413,
0.19,CAMERA_IP,,DOMAIN_IP,,TCP,1467,3,TCP CAM PSH ACK,392000,1804,33580,1413,
0.18,CAMERA_IP,,DOMAIN_IP,,TCP,1467,3,TCP CAM PSH ACK,393413,1804,33580,1413,
11.58,CAMERA_IP,,DOMAIN_IP,,TCP,1467,8,TCP Out-Of-Order,386348,1804,33580,1413,
3.61,DOMAIN_IP,,CAMERA_IP,,TCP,60,1,TCP DOM ACK,1804,387761,65535,0,
0.02,DOMAIN_IP,,CAMERA_IP,,TCP,54,1,TCP DOM Duplicate ACK,1804,387761,65535,0,
0.13,DOMAIN_IP,,CAMERA_IP,,TCP,60,1,TCP DOM ACK,1804,389174,65535,0,
0.02,DOMAIN_IP,,CAMERA_IP,,TCP,54,1,TCP DOM Duplicate ACK,1804,389174,65535,0,
3.72,CAMERA_IP,,DOMAIN_IP,,TCP,1467,11,TCP CAM PSH ACK,394826,1804,33580,1413,
0.18,CAMERA_IP,,DOMAIN_IP,,TCP,1467,3,TCP CAM PSH ACK,396239,1804,33580,1413,
11.61,CAMERA_IP,,DOMAIN_IP,,TCP,1467,4,TCP Out-Of-Order,389174,1804,33580,1413,
11.4,CAMERA_IP,,DOMAIN_IP,,TCP,1467,16,TCP PSH Retransmission,386348,1804,33580,1413,
11.09,DOMAIN_IP,,CAMERA_IP,,TCP,60,1,TCP DOM ACK,1804,396239,65535,0,
0.02,DOMAIN_IP,,CAMERA_IP,,TCP,54,1,TCP DOM Duplicate ACK,1804,396239,65535,0,
0.06,DOMAIN_IP,,CAMERA_IP,,TCP,60,1,TCP DOM ACK,1804,397652,65535,0,
0.02,DOMAIN_IP,,CAMERA_IP,,TCP,54,12,TCP DOM Duplicate ACK,1804,397652,65535,0,
7.23,CAMERA_IP,,DOMAIN_IP,,TCP,1467,8,TCP PSH Retransmission,389174,1804,33580,1413,
13.13,CAMERA_IP,,DOMAIN_IP,,TCP,1467,4,TCP PSH Retransmission,349610,1804,33580,1413,
3.55,DOMAIN_IP,,CAMERA_IP,,TCP,60,11,TCP DOM Duplicate ACK,1804,397652,65535,0,
3.26,CAMERA_IP,,DOMAIN_IP,,TCP,1467,16,TCP PSH Retransmission,394826,1804,33580,1413,
86.13,CAMERA_IP,,DOMAIN_IP,,TCP,1467,4,TCP PSH Retransmission,367979,1804,33580,1413,
0.15,CAMERA_IP,,DOMAIN_IP,,TCP,60,8,TCP CAM Duplicate ACK,397652,1804,33580,0,
0.02,CAMERA_IP,,DOMAIN_IP,,TCP,54,8,TCP CAM Duplicate ACK,397652,1804,33580,0,
75.67,CAMERA_IP,,DOMAIN_IP,,TCP,1467,3,TCP CAM PSH ACK,397652,1804,33580,1413,
0.19,CAMERA_IP,,DOMAIN_IP,,TCP,1467,3,TCP CAM PSH ACK,399065,1804,33580,1413,
0.17,CAMERA_IP,,DOMAIN_IP,,TCP,1467,3,TCP CAM PSH ACK,400478,1804,33580,1413,
3.86,CAMERA_IP,,DOMAIN_IP,,TCP,1467,3,TCP CAM PSH ACK,401891,1804,33580,1413,
0.18,CAMERA_IP,,DOMAIN_IP,,TCP,1467,3,TCP CAM PSH ACK,403304,1804,33580,1413,
3.82,CAMERA_IP,,DOMAIN_IP,,TCP,1467,3,TCP CAM PSH ACK,404717,1804,33580,1413,
3.94,CAMERA_IP,,DOMAIN_IP,,TCP,1467,3,TCP CAM PSH ACK,406130,1804,33580,1413,
0.18,CAMERA_IP,,DOMAIN_IP,,TCP,1467,3,TCP CAM PSH ACK,407543,1804,33580,1413,
0.18,CAMERA_IP,,DOMAIN_IP,,TCP,1467,3,TCP CAM PSH ACK,408956,1804,33580,1413,
3.89,CAMERA_IP,,DOMAIN_IP,,TCP,1467,3,TCP CAM PSH ACK,410369,1804,33580,1413,
5.12,CAMERA_IP,,DOMAIN_IP,,TCP,1467,3,TCP CAM PSH ACK,411782,1804,33580,1413,
0.18,CAMERA_IP,,DOMAIN_IP,,TCP,1467,3,TCP CAM PSH ACK,413195,1804,33580,1413,
0.33,CAMERA_IP,,DOMAIN_IP,,TCP,1467,3,TCP CAM PSH ACK,414608,1804,33580,1413,
4.38,CAMERA_IP,,DOMAIN_IP,,TCP,1467,3,TCP CAM PSH ACK,416021,1804,33580,1413,
0.16,CAMERA_IP,,DOMAIN_IP,,TCP,1467,3,TCP CAM PSH ACK,417434,1804,33580,1413,
3.98,CAMERA_IP,,DOMAIN_IP,,TCP,1467,7,TCP CAM PSH ACK,418847,1804,33580,1413,
0.19,CAMERA_IP,,DOMAIN_IP,,TCP,1467,3,TCP CAM PSH ACK,420260,1804,33580,1413,
3.84,CAMERA_IP,,DOMAIN_IP,,TCP,1467,11,TCP CAM PSH ACK,421673,1804,33580,1413,
0.18,CAMERA_IP,,DOMAIN_IP,,TCP,1467,11,TCP CAM PSH ACK,423086,1804,33580,1413,
3.6,DOMAIN_IP,,CAMERA_IP,,TCP,60,1,TCP DOM ACK,1804,399065,65535,0,
0.03,DOMAIN_IP,,CAMERA_IP,,TCP,54,1,TCP DOM Duplicate ACK,1804,399065,65535,0,
0.22,CAMERA_IP,,DOMAIN_IP,,TCP,1467,3,TCP CAM PSH ACK,424499,1804,33580,1413,
0.18,CAMERA_IP,,DOMAIN_IP,,TCP,1467,3,TCP CAM PSH ACK,425912,1804,33580,1413,
0.66,CAMERA_IP,,DOMAIN_IP,,TCP,1467,4,TCP Out-Of-Order,401891,1804,33580,1413,
0.87,CAMERA_IP,,DOMAIN_IP,,TCP,1467,8,TCP Out-Of-Order,404717,1804,33580,1413,
1.95,DOMAIN_IP,,CAMERA_IP,,TCP,60,1,TCP DOM ACK,1804,400478,65535,0,
0.02,DOMAIN_IP,,CAMERA_IP,,TCP,54,1,TCP DOM Duplicate ACK,1804,400478,65535,0,
0.06,DOMAIN_IP,,CAMERA_IP,,TCP,60,1,TCP DOM ACK,1804,401891,65535,0,
0.02,DOMAIN_IP,,CAMERA_IP,,TCP,54,1,TCP DOM Duplicate ACK,1804,401891,65535,0,
0.03,DOMAIN_IP,,CAMERA_IP,,TCP,60,1,TCP DOM ACK,1804,403304,65535,0,
0.02,DOMAIN_IP,,CAMERA_IP,,TCP,54,1,TCP DOM Duplicate ACK,1804,403304,65535,0,
0.03,DOMAIN_IP,,CAMERA_IP,,TCP,60,1,TCP DOM ACK,1804,404717,65535,0,
0.02,DOMAIN_IP,,CAMERA_IP,,TCP,54,1,TCP DOM Duplicate ACK,1804,404717,65535,0,
0.21,CAMERA_IP,,DOMAIN_IP,,TCP,1467,11,TCP CAM PSH ACK,427325,1804,33580,1413,
3.86,CAMERA_IP,,DOMAIN_IP,,TCP,1467,11,TCP CAM PSH ACK,428738,1804,33580,1413,
0.19,CAMERA_IP,,DOMAIN_IP,,TCP,1467,11,TCP CAM PSH ACK,430151,1804,33580,1413,
3.52,DOMAIN_IP,,CAMERA_IP,,TCP,60,1,TCP DOM ACK,1804,406130,65535,0,
0.03,DOMAIN_IP,,CAMERA_IP,,TCP,54,1,TCP DOM Duplicate ACK,1804,406130,65535,0,
0.13,DOMAIN_IP,,CAMERA_IP,,TCP,60,1,TCP DOM ACK,1804,407543,65535,0,
0.02,DOMAIN_IP,,CAMERA_IP,,TCP,54,1,TCP DOM Duplicate ACK,1804,407543,65535,0,
0.21,CAMERA_IP,,DOMAIN_IP,,TCP,1467,3,TCP CAM PSH ACK,431564,1804,33580,1413,
0.72,CAMERA_IP,,DOMAIN_IP,,TCP,1467,4,TCP Out-Of-Order,410369,1804,33580,1413,
0.8,CAMERA_IP,,DOMAIN_IP,,TCP,1467,8,TCP Out-Of-Order,411782,1804,33580,1413,
0.23,CAMERA_IP,,DOMAIN_IP,,TCP,1467,8,TCP Out-Of-Order,413195,1804,33580,1413,
0.23,CAMERA_IP,,DOMAIN_IP,,TCP,1467,8,TCP Out-Of-Order,414608,1804,33580,1413,
1.73,DOMAIN_IP,,CAMERA_IP,,TCP,60,1,TCP DOM ACK,1804,408956,65535,0,
0.02,DOMAIN_IP,,CAMERA_IP,,TCP,54,1,TCP DOM Duplicate ACK,1804,408956,65535,0,
0.06,DOMAIN_IP,,CAMERA_IP,,TCP,60,1,TCP DOM ACK,1804,410369,65535,0,
0.02,DOMAIN_IP,,CAMERA_IP,,TCP,54,1,TCP DOM Duplicate ACK,1804,410369,65535,0,
11.98,DOMAIN_IP,,CAMERA_IP,,TCP,60,1,TCP DOM ACK,1804,413195,65535,0,
0.02,DOMAIN_IP,,CAMERA_IP,,TCP,54,1,TCP DOM Duplicate ACK,1804,413195,65535,0,
0.06,DOMAIN_IP,,CAMERA_IP,,TCP,60,1,TCP DOM ACK,1804,414608,65535,0,
0.01,DOMAIN_IP,,CAMERA_IP,,TCP,54,1,TCP DOM Duplicate ACK,1804,414608,65535,0,
0.03,DOMAIN_IP,,CAMERA_IP,,TCP,60,1,TCP DOM ACK,1804,416021,65535,0,
0.01,DOMAIN_IP,,CAMERA_IP,,TCP,54,1,TCP DOM Duplicate ACK,1804,416021,65535,0,
4.58,DOMAIN_IP,,CAMERA_IP,,TCP,60,1,TCP DOM ACK,1804,417434,65535,0,
0.02,DOMAIN_IP,,CAMERA_IP,,TCP,54,1,TCP DOM Duplicate ACK,1804,417434,65535,0,
0.05,DOMAIN_IP,,CAMERA_IP,,TCP,60,1,TCP DOM ACK,1804,418847,65535,0,
0.01,DOMAIN_IP,,CAMERA_IP,,TCP,54,1,TCP DOM Duplicate ACK,1804,418847,65535,0,
0.03,DOMAIN_IP,,CAMERA_IP,,TCP,60,1,TCP DOM ACK,1804,421673,65535,0,
0.01,DOMAIN_IP,,CAMERA_IP,,TCP,54,1,TCP DOM Duplicate ACK,1804,421673,65535,0,
7.07,DOMAIN_IP,,CAMERA_IP,,TCP,60,1,TCP DOM ACK,1804,424499,65535,0,
0.02,DOMAIN_IP,,CAMERA_IP,,TCP,54,1,TCP DOM Duplicate ACK,1804,424499,65535,0,
3.65,DOMAIN_IP,,CAMERA_IP,,TCP,60,1,TCP DOM ACK,1804,427325,65535,0,
0.02,DOMAIN_IP,,CAMERA_IP,,TCP,54,2,TCP DOM Duplicate ACK,1804,427325,65535,0,
0.05,DOMAIN_IP,,CAMERA_IP,,TCP,60,1,TCP DOM Duplicate ACK,1804,427325,65535,0,
0.05,DOMAIN_IP,,CAMERA_IP,,TCP,60,1,TCP DOM ACK,1804,428738,65535,0,
0.01,DOMAIN_IP,,CAMERA_IP,,TCP,54,1,TCP DOM Duplicate ACK,1804,428738,65535,0,
6.85,DOMAIN_IP,,CAMERA_IP,,TCP,60,1,TCP DOM ACK,1804,430151,65535,0,
0.08,DOMAIN_IP,,CAMERA_IP,,TCP,54,1,TCP DOM Duplicate ACK,1804,430151,65535,0,
0.02,DOMAIN_IP,,CAMERA_IP,,TCP,60,1,TCP DOM ACK,1804,431564,65535,0,
0.01,DOMAIN_IP,,CAMERA_IP,,TCP,54,1,TCP DOM Duplicate ACK,1804,431564,65535,0,
0.01,DOMAIN_IP,,CAMERA_IP,,TCP,60,1,TCP DOM ACK,1804,432977,65535,0,
0.02,DOMAIN_IP,,CAMERA_IP,,TCP,54,19,TCP DOM Duplicate ACK,1804,432977,65535,0,
3.09,DOMAIN_IP,,CAMERA_IP,,TCP,60,18,TCP DOM Duplicate ACK,1804,432977,65535,0,
14.25,CAMERA_IP,,DOMAIN_IP,,TCP,1467,96,TCP PSH Retransmission,427325,1804,33580,1413,
2.32,CAMERA_IP,,DOMAIN_IP,,TCP,1467,32,TCP PSH Retransmission,428738,1804,33580,1413,
0.46,CAMERA_IP,,DOMAIN_IP,,TCP,1467,16,TCP PSH Retransmission,430151,1804,33580,1413,
50.45,CAMERA_IP,,DOMAIN_IP,,TCP,1467,3,TCP CAM PSH ACK,432977,1804,33580,1413,
0.25,CAMERA_IP,,DOMAIN_IP,,TCP,1467,3,TCP CAM PSH ACK,434390,1804,33580,1413,
0.19,CAMERA_IP,,DOMAIN_IP,,TCP,1467,3,TCP CAM PSH ACK,435803,1804,33580,1413,
0.17,CAMERA_IP,,DOMAIN_IP,,TCP,1467,3,TCP CAM PSH ACK,437216,1804,33580,1413,
0.18,CAMERA_IP,,DOMAIN_IP,,TCP,1467,3,TCP CAM PSH ACK,438629,1804,33580,1413,
34.03,DOMAIN_IP,,CAMERA_IP,,TCP,60,1,TCP DOM ACK,1804,438629,65535,0,
0.02,DOMAIN_IP,,CAMERA_IP,,TCP,54,1,TCP DOM Duplicate ACK,1804,438629,65535,0,
3.56,DOMAIN_IP,,CAMERA_IP,,TCP,60,1,TCP DOM ACK,1804,440042,65535,0,
0.02,DOMAIN_IP,,CAMERA_IP,,TCP,54,10,TCP DOM Duplicate ACK,1804,440042,65535,0,
29.36,CAMERA_IP,,DOMAIN_IP,,TCP,1467,8,TCP PSH Retransmission,379283,1804,33580,1413,
0.15,CAMERA_IP,,DOMAIN_IP,,TCP,60,30,TCP CAM Duplicate ACK,440042,1804,33580,0,
0.02,CAMERA_IP,,DOMAIN_IP,,TCP,54,30,TCP CAM Duplicate ACK,440042,1804,33580,0,
35.38,DOMAIN_IP,,CAMERA_IP,,TCP,60,9,TCP DOM Duplicate ACK,1804,440042,65535,0,
130.73,CAMERA_IP,,DOMAIN_IP,,TLSv1.2,1291,1,TLS Application Data,,,,,
0.03,CAMERA_IP,,DOMAIN_IP,,TCP,1291,11,TCP CAM PSH ACK,440042,1804,33580,1237,
31.17,DOMAIN_IP,,CAMERA_IP,,TCP,60,1,TCP DOM ACK,1804,441279,65535,0,
0.02,DOMAIN_IP,,CAMERA_IP,,TCP,54,1,TCP DOM Duplicate ACK,1804,441279,65535,0,
11.13,DOMAIN_IP,,CAMERA_IP,,TLSv1.2,123,1,TLS Application Data,,,,,
0.02,DOMAIN_IP,,CAMERA_IP,,TLSv1.2,123,1,TLS Retransmit,,,,,
6.95,DOMAIN_IP,,CAMERA_IP,,TLSv1.2,123,1,TLS Encrypted Alert,,,,,
0.02,DOMAIN_IP,,CAMERA_IP,,TCP,123,1,TCP DOM PSH ACK,1873,441279,65535,69,
15.03,DOMAIN_IP,,CAMERA_IP,,TCP,60,249,TCP DOM Duplicate ACK,1942,441279,65535,0,
0.03,DOMAIN_IP,,CAMERA_IP,,TCP,54,249,TCP DOM Duplicate ACK,1942,441279,65535,0,
276.88,CAMERA_IP,,DOMAIN_IP,,TCP,1291,1532,TCP PSH Retransmission,440042,1804,33580,1237,
0.0,CAMERA_IP,,DOMAIN_IP,,TCP,60,61,TCP Window Update,441279,1804,32120,0,
0.11,CAMERA_IP,,DOMAIN_IP,,TCP,54,34003,TCP CAM Duplicate ACK,441279,1804,32120,0,
-0.11,CAMERA_IP,,DOMAIN_IP,,TCP,60,34186,TCP CAM Duplicate ACK,441279,1804,32120,0,
394.86,CAMERA_IP,,DOMAIN_IP,,TCP,60,15,TCP Window Update,441279,1804,33580,0,
0.02,CAMERA_IP,,DOMAIN_IP,,TCP,54,170,TCP CAM Duplicate ACK,441279,1804,33580,0,
0.02,CAMERA_IP,,DOMAIN_IP,,TCP,60,155,TCP CAM Duplicate ACK,441279,1804,33580,0,
1313.76,DOMAIN_IP,,CAMERA_IP,,TCP,60,1,TCP FIN,1942,441279,65535,0,
0.02,DOMAIN_IP,,CAMERA_IP,,TCP,54,1,TCP FIN,1942,441279,65535,0,
1395.1,DOMAIN_IP,,CAMERA_IP,,TCP,192,2,TCP Retransmission,1804,441279,65535,138,
105.97,CAMERA_IP,,DOMAIN_IP,,TCP,60,19306,TCP CAM ACK,441279,1943,32120,0,
0.1,CAMERA_IP,,DOMAIN_IP,,TCP,54,24,TCP CAM Duplicate ACK,441279,1943,32120,0,
0.09,CAMERA_IP,,DOMAIN_IP,,TCP,60,23,TCP CAM Duplicate ACK,441279,1943,32120,0,
1.48,CAMERA_IP,,DOMAIN_IP,,TLSv1.2,123,1,TLS Encrypted Alert,,,,,
0.02,CAMERA_IP,,DOMAIN_IP,,TCP,123,179,TCP CAM PSH ACK,441279,1943,32120,69,
0.27,CAMERA_IP,,DOMAIN_IP,,TCP,54,19189,TCP CAM ACK,441279,1943,32120,0,
12.61,DOMAIN_IP,,CAMERA_IP,,TCP,60,3939,TCP RST,1943,,0,0,
0.03,DOMAIN_IP,,CAMERA_IP,,TCP,54,3939,TCP RST,1943,,0,0,
